,LogReg_v92,ElasticNet_v92,MLP_v92,EWLogit_v92,som_ret,remaining_ret,monthly_return,Ensemble_v92
1997-02-01,2.25112304243341,4.595119850134589,0.8200788948759611,3.0740599597378426,3.0048,-2.1388,0.5199,2.6850954367954505
1997-03-01,-2.1673356150440792,-4.59511985013459,0.812987165352416,-3.079681750190172,-0.1054,-4.3154,-4.8019,-2.2572875125041065
1997-04-01,2.063725295229393,4.595119850134589,1.6855532973643426,1.150097592524045,-1.0592,6.6696,5.4894,2.373624008813092
1997-05-01,-1.0564545692176306,4.595119850134589,0.36366860869614775,-1.8988902578457083,4.6538,1.2395,6.2302,0.5008609079418493
1997-06-01,0.4212537808749418,4.595119850134589,0.009034933514705017,0.6824273301517767,4.7928,0.5582,4.582,1.4269589736690032
1997-07-01,4.595119850134589,4.595119850134589,0.3610754766957157,4.595119850134589,3.9027,2.7226,7.1019,3.5366087567748705
1997-08-01,2.831878793253517,4.595119850134589,-0.32121073200390754,4.595119850134589,-3.148,-0.292,-5.033,2.925226940379697
1997-09-01,-0.5533194004757372,4.595119850134589,0.7772873940746259,-1.0533276738676633,0.1511,2.7062,2.1238,0.9414400424664535
1997-10-01,-4.59511985013459,4.595119850134589,4.595119850134589,-4.59511985013459,1.0316,-4.222,-4.2694,-4.440892098500626e-16
1997-11-01,0.6460768898640246,4.595119850134589,1.7195869735613465,0.10866369849421102,-1.2684,3.9147,1.7476,1.7673618530135429
1997-12-01,4.595119850134589,4.595119850134589,4.595119850134589,4.595119850134589,-1.3193,1.1888,-0.4452,4.595119850134589
1998-01-01,1.825476411021242,4.595119850134589,0.4683580798098031,1.4675097761972218,-1.524,3.4452,0.5374,2.089116029290714
1998-02-01,3.618414087577743,4.595119850134589,1.317522652314712,3.8830665891451415,2.2517,2.5021,4.8009,3.353530794793046
1998-03-01,2.8280464180059193,4.595119850134589,0.946820552003847,3.2086522664323165,2.4476,3.031,5.1589,2.894659771644168
1998-04-01,1.6535127549274389,4.595119850134589,-0.18314600341924941,2.081495437208991,0.6299,-0.2484,0.3249,2.0367455097129423
1998-05-01,-0.8036964039597374,-4.59511985013459,-2.1078439101059336,-0.739317156750248,-0.6856,-1.8107,-2.6922,-2.061494330237627
1998-06-01,2.15460529613356,4.595119850134589,0.8888976271219038,1.6679162641149035,0.2823,4.3661,3.9286,2.326634759376239
1998-07-01,-1.2021945037514685,-4.59511985013459,-1.990177401423739,-1.1972232579507034,2.534,-5.572,-2.4283,-2.246178753315125
1998-08-01,-4.59511985013459,-4.59511985013459,-0.06109170060364223,-4.59511985013459,-2.7948,-8.236,-13.9477,-3.461612812751853
1998-09-01,2.0231030010586433,4.595119850134589,4.595119850134589,2.397970869293827,3.4098,-1.4012,2.2881,3.402828392655412
1998-10-01,-0.036535065662431164,4.595119850134589,-0.25992264522840014,-1.509987629636815,3.4469,7.9744,11.3829,0.6971686274017357
1998-11-01,1.1187775774523507,4.595119850134589,1.1669736925783412,0.8211303278196215,1.4676,4.2298,4.6806,1.9255003619962254
1998-12-01,3.1904506434142554,4.595119850134589,1.2815799499688028,2.9386892850779613,-1.3435,6.3838,4.5904,3.001459932148902
1999-01-01,2.337829390366144,4.595119850134589,1.412783371060012,2.051548768458324,0.9441,2.4446,4.1967,2.5993203450047675
1999-02-01,-1.6464016139918187,4.595119850134589,0.24920172752007916,-1.245965468135872,-3.0068,0.1238,-2.7235,0.4879886238817443
1999-03-01,1.5953200186701697,4.595119850134589,1.3206890823415043,1.7034614385996614,5.0471,0.1494,4.0618,2.303647597436481
1999-04-01,2.5775598697454463,4.595119850134589,0.17286086126127725,2.0161265848863783,2.1796,1.4556,3.2047,2.3404167915069225
1999-05-01,0.7032458767625236,4.595119850134589,0.29699233389113716,1.0861053425555793,-0.4574,-4.1051,-3.897,1.6703658508359573
1999-06-01,2.02425761541771,4.595119850134589,0.15559637319740963,1.6474503584882387,0.7839,5.3418,6.0614,2.105606049309487
1999-07-01,-0.8929661591130039,-4.59511985013459,0.168312760848747,-0.39216883331598235,1.7811,-5.3759,-3.7829,-1.4279855204287073
1999-08-01,0.6348671098307741,2.07066313798061,0.5426696848721236,0.3580698837711625,-0.5655,0.2357,-0.5753,0.9015674541136676
1999-09-01,-1.0777565668111204,-4.59511985013459,-0.2325678001670968,-0.4457669464343396,-0.046,-3.4451,-3.6332,-1.5878027908867867
1999-10-01,4.595119850134589,4.595119850134589,2.2572690000054902,3.9506642977038036,-0.4755,5.8821,6.2457,3.8495432494946176
1999-11-01,0.6046347085140952,4.595119850134589,0.04898669194050449,0.6415798514797902,2.8777,0.5618,2.581,1.4725802755172446
1999-12-01,4.005714037902714,4.595119850134589,1.5938670353614903,3.0080386973696047,1.1296,2.3758,5.1176,3.3006849051921
2000-01-01,-1.4159883586938553,-4.59511985013459,-0.8271664239013363,-1.0330824801673757,-0.2471,-4.0209,-4.1753,-1.9678392782242893
2000-02-01,-0.7114382746142824,-4.59511985013459,-0.8535668584272416,-0.6017885165441378,-0.8911,-1.9952,-3.0413,-1.6904783749300631
2000-03-01,2.5806105994733897,4.595119850134589,3.3693390923467943,1.6341565602469934,1.3414,7.091,8.6565,3.0448065255504417
2000-04-01,-1.2367464568906088,1.7696375785729872,-0.7857310364252296,-1.211606072696274,-5.6118,2.5688,-3.5552,-0.3661114968597813
2000-05-01,-0.09075289878896622,2.4725941200909167,1.5729411339347696,0.4234209916470149,-2.8746,1.1385,-3.2454,1.0945508367209338
2000-06-01,1.9820134077139069,4.595119850134589,3.3027008162869067,1.660108257464217,1.175,-0.8626,0.3996,2.8849855828999047
2000-07-01,0.30419674078189796,-4.59511985013459,0.47007046146908155,0.21867166137964994,1.964,-4.4395,-2.6342,-0.9005452466259901
2000-08-01,2.091785846361989,4.595119850134589,4.595119850134589,0.9656697606782129,2.7457,2.3311,5.5337,3.061923826827345
2000-09-01,-0.5177881141122846,4.595119850134589,-1.9725655072915915,0.25111355149895326,-3.5226,-1.8966,-5.5406,0.5889699450574166
2000-10-01,1.0555937032659908,4.595119850134589,0.43796272846238465,0.41376901555545054,-5.4033,4.4732,-0.4756,1.6256113243546038
2000-11-01,-0.9998452671431415,-4.59511985013459,-0.20617215351288876,0.052415742301974336,-3.4306,-3.5115,-7.4774,-1.4371803821221614
2000-12-01,0.9057575982476024,3.829418281083458,0.7505302570546774,0.670548228935643,1.9896,-1.4959,0.384,1.5390635913303452
2001-01-01,0.6410904571189693,4.557492425446319,0.5622527357104486,-0.23520635131685788,3.6331,2.6903,6.4476,1.3814073167397198
2001-02-01,-3.2494563826289022,-4.59511985013459,-1.233538835540197,-2.337328440740678,-3.9925,-5.7113,-9.7221,-2.8538608772610914
2001-03-01,-1.0687101612260168,-4.59511985013459,-0.25002540648655425,-0.5498573535826093,-5.4386,-2.8603,-6.5177,-1.6159281928574427
2001-04-01,2.1733394040301004,4.595119850134589,2.551065857103307,2.6657339095431034,4.009,5.6458,9.0403,2.996314755202775
2001-05-01,2.0068942139829167,4.595119850134589,0.042284111974383705,1.1932295620996929,-0.758,0.0859,-0.8386,1.9593819345478956
2001-06-01,-0.11895235757323055,2.088132988205821,1.2053618219479996,-0.1589936141951864,-2.5897,0.1967,-2.8786,0.7538872095963509
2001-07-01,1.1564108096197157,4.595119850134589,0.5434620644198711,1.5098010739316379,-2.1861,0.283,-2.0611,1.9511984495264534
2001-08-01,-0.7016043040127679,-4.59511985013459,-0.40623255200453356,-0.3105754302300061,-2.4967,-4.5336,-6.7726,-1.5033830340954744
2001-09-01,-3.1153276897217577,-4.59511985013459,0.33588215920230863,-2.752623716526534,-12.049,4.1072,-8.1205,-2.531797274295143
2001-10-01,1.2375128183089024,4.595119850134589,1.8435708472646513,1.8935600416849592,5.1002,-1.7224,2.0442,2.392440889348275
2001-11-01,2.1420780956911027,4.595119850134589,0.2514025906591094,1.9264147779107523,4.7785,0.2362,5.1056,2.2287538285988884
2001-12-01,3.5263382126789207,4.595119850134589,3.7906201978679053,3.2455608815052774,0.1296,2.2889,1.609,3.789409785546673
2002-01-01,2.8872746123013253,4.595119850134589,1.8392684873554173,2.484024656840079,-1.3285,-2.1265,-2.1192,2.9514219016578527
2002-02-01,0.8921937097191237,1.9007374347043595,0.9487774313807176,0.1854154394591769,-1.4434,1.7684,-1.3785,0.9817810038158444
2002-03-01,1.626284475677675,0.39185503022137075,3.242906075003917,1.4447112704585117,2.5715,-1.4701,1.3792,1.6764392128403685
2002-04-01,-0.9676779318290449,-4.59511985013459,-0.07887886319997754,-0.9911994346267418,-2.7319,-3.3061,-6.0722,-1.6582190199475886
2002-05-01,0.19919317318522717,-3.1993656869896636,0.26260966071854686,-0.500923615165589,-0.2977,-2.7634,-1.7783,-0.8096216170628696
2002-06-01,-2.6840853671912157,-4.59511985013459,-0.5638512161726019,-2.696319897693099,-1.7873,-4.6748,-4.8872,-2.6348440827978767
2002-07-01,-2.248756391265663,-3.772429459562809,-0.42513200277343843,-1.8406667138347426,-5.5661,-2.6138,-5.8876,-2.071746141859163
2002-08-01,1.1904690494430568,4.595119850134589,1.7758306906387546,1.2638269410824046,3.2408,-1.3147,3.5505,2.2063116328247014
2002-09-01,-4.59511985013459,-4.59511985013459,-2.001640278025798,-3.959178840072523,0.4715,-5.9561,-7.1456,-3.787764704591875
2002-10-01,2.679143573213981,4.595119850134589,-0.48851440012423886,0.6730784091731794,-0.4147,6.1643,4.4639,1.8647068580993775
2002-11-01,1.8666133757706764,4.595119850134589,1.28290171899727,1.4504909255731984,-0.5519,4.0879,3.9236,2.2987814676189333
2002-12-01,0.4435966523089954,4.595119850134589,-0.01910816156429899,0.42400719733377995,-3.4935,-0.8509,-5.8543,1.3609038845532664
2003-01-01,-1.2839551457262925,-4.59511985013459,0.202846129172447,-1.7332924216528869,1.0422,-7.2179,-5.8667,-1.8523803220853305
2003-02-01,0.046550327891842526,4.595119850134589,0.06319885080527612,-0.3919778883707929,-3.1235,0.0431,-2.2282,1.0782227851152286
2003-03-01,0.21344946281266455,4.595119850134589,0.13641324201337351,0.4507642146590798,0.5882,2.7444,1.6016,1.3489366924049269
2003-04-01,1.8243436424628896,4.595119850134589,-0.0580038278458157,1.3690968296428743,2.4096,4.677,6.8074,1.9326391235986344
2003-05-01,0.7622662978659456,3.5462769147479287,0.4039236713051193,0.3854413686916126,2.972,2.0577,5.161,1.2744770631526516
2003-06-01,-0.14777372069127878,-4.59511985013459,0.06214138042082673,0.42337613648113703,3.5574,-1.9675,0.7756,-1.0643440134809763
2003-07-01,0.6439758162369458,2.331759835470089,0.3396219893535527,0.33751393807780466,1.3568,-1.0501,0.8134,0.913217894784598
2003-08-01,0.3610830554650618,1.9693470369178658,-0.18169213880493387,-0.7405348005856155,1.1131,2.3931,2.8424,0.35205078824809466
2003-09-01,-1.2665886982568417,-4.59511985013459,0.15534355845738,-1.3631881061337592,-0.0939,-1.0556,-2.546,-1.7673882740169526
2003-10-01,1.4210314738571441,3.53858160892711,0.2831177429228839,0.011834344012344691,2.7228,0.6249,3.1909,1.3136412924298706
2003-11-01,1.3641105482003661,4.595119850134589,0.18137855232517097,0.47138619328405823,-0.9448,1.3664,-0.0774,1.652998785986046
2003-12-01,2.7991543008036244,4.595119850134589,4.595119850134589,1.553161938047515,-0.0566,4.072,3.9061,3.3856389847800794
2004-01-01,0.45951708039144623,-0.29367115174569136,4.058365227145462,-0.07122086860719652,2.1649,0.1461,2.0433,1.0382475717960051
2004-02-01,1.1207127110809323,4.595119850134589,2.2730521443433624,1.176872861378501,1.5537,-0.3615,0.8527,2.291439391734346
2004-03-01,0.7096913019225735,4.595119850134589,0.6193991088935371,0.3531151525181484,-3.6925,1.6628,-2.5745,1.569331353367212
2004-04-01,-0.4465475966109825,-4.59511985013459,-2.4588968865334153,-0.18700065652986173,-0.0701,-1.4866,-2.1967,-1.9218912474522123
2004-05-01,1.6075591901957385,4.595119850134589,2.4066045607480318,1.0748096604579003,-2.1913,2.6565,0.2855,2.421023315384065
2004-06-01,0.842025490284944,4.380745059451772,1.1162132963128037,0.38482127630398144,0.9522,0.0852,1.7517,1.680951280588375
2004-07-01,-0.22114964123346903,1.57797163763102,-1.0932896003952428,-0.002732193528103036,-1.933,-0.4519,-2.4111,0.06520005061855128
2004-08-01,1.0196772642230971,4.595119850134589,1.381418829633308,0.6911270082063101,-3.0404,3.1621,-0.2151,1.921835738049326
2004-09-01,-0.9147246782059254,-3.562225991121213,-1.6088624922798198,-0.8257804263266724,1.7546,-0.1157,0.784,-1.7278983969834076
2004-10-01,1.4831464248195805,4.595119850134589,2.338681265301849,0.721872554836682,-1.7057,1.5714,-0.1149,2.284705023773175
2004-11-01,0.1718309694783496,-0.7674241102224914,0.2537525741714343,0.09637695909963363,4.0203,0.6431,3.831,-0.061365901868268444
2004-12-01,1.8318514531932026,4.595119850134589,4.595119850134589,1.2902752007617033,0.7074,0.3419,1.7249,3.078091588556021
2005-01-01,0.6262069882245098,2.1248586712545134,0.9691104080128178,0.5948875322228435,-1.333,-0.1896,-1.7312,1.0787658999286711
2005-02-01,0.30374202607251444,2.287252185785283,-0.8204316063618009,0.437763029017953,1.3765,0.2557,1.193,0.5520814086284874
2005-03-01,0.05600375163544836,0.6175522374441231,-1.0458967334433218,0.3790306448016592,-0.8273,-1.8857,-2.4636,0.0016724751094772256
2005-04-01,-0.6630236720990947,-2.9963505661897596,-2.0808427114619263,-0.3586254233618934,-0.8935,-0.5669,-1.3701,-1.5247105932781684
2005-05-01,0.6332877415819335,4.595119850134589,-0.36179957016726877,0.344995053997942,0.2273,2.9529,2.5246,1.302900768886799
2005-06-01,0.4797780616344978,2.026348992310704,0.11992597506874575,0.3489515408350257,0.1544,-0.5335,-0.9058,0.7437511424622433
2005-07-01,1.1195928626056924,4.595119850134589,3.9438396527072763,0.49710033357903427,2.6119,1.1182,3.3271,2.5389131747566482
2005-08-01,-0.29933186081571944,-2.70256734971829,-1.1926941718167565,-0.39054688774812374,-0.4243,-1.0585,-1.2158,-1.1462850675247225
2005-09-01,-0.534351890525261,-2.182008482550076,-0.7324892883315869,-1.1274443016760507,0.7706,-0.5353,0.591,-1.1440734907707437
2005-10-01,1.0066392586317687,4.595119850134589,2.8198053529450156,0.05648815100439315,-3.6548,2.0196,-1.6051,2.1195131531789415
2005-11-01,0.6824993777992411,4.177633248417478,0.7755802448350384,0.46159352020918576,2.4254,2.2116,3.8844,1.5243265978152356
2005-12-01,0.985076095862218,1.4306691804086693,3.5063803846909245,0.3607412220306979,0.2453,-0.515,-1.2952,1.5707167207481274
2006-01-01,1.1718874818287053,4.595119850134589,0.4787457906319958,0.4989314514799957,1.1912,-0.3327,0.889,1.6861711435188211
2006-02-01,0.15448738946971124,-0.6396889676197706,0.19176598444914028,-0.19425106186441388,-0.5854,1.0854,-0.1404,-0.12192166389133323
2006-03-01,0.6165116583706827,-0.27787158787924965,0.2576801386364157,0.10372577709142128,0.2351,0.4202,0.2811,0.17501149655481751
2006-04-01,2.731610213958826,0.5879474746860819,4.595119850134589,0.37426586778560067,-0.1429,1.0592,0.9863,2.0722358516412744
2006-05-01,-1.3483298701908988,-4.59511985013459,-1.375236375311102,-0.8097328181758014,-0.2967,-1.9477,-2.6893,-2.032104728453098
2006-06-01,1.124806572930513,4.595119850134589,1.0444641615292405,0.8081294165797804,-3.5728,2.7238,-1.2063,1.8931300002935307
2006-07-01,0.7804799081686269,4.595119850134589,0.5518587357683541,1.0808876784143253,-2.9888,2.7342,-0.2757,1.7520865431214738
2006-08-01,0.6252245091015588,3.4762074604113367,1.5822333561176245,0.5226437499839539,0.522,2.4115,2.5887,1.5515772689036185
2006-09-01,0.5374187004894643,4.595119850134589,0.43149380393620207,0.39047183531427926,0.5763,1.2494,1.8947,1.4886260474686335
2006-10-01,1.654816099579055,4.595119850134589,4.392058117099283,2.0635141597592073,2.3272,0.7673,3.5018,3.176377056643034
2006-11-01,0.7126568919351484,-0.4139247185542216,1.3834630124061564,1.1991667339664627,1.6935,0.7557,2.3995,0.7203404799383865
2006-12-01,0.9658048231870076,-1.7365245432462117,2.9596035777791387,1.2154739838407478,1.6651,-0.0333,1.5458,0.8510894603901706
2007-01-01,0.7428072073994885,3.2736363005773566,0.7754778114803259,-0.15532725347156645,0.9476,0.7219,1.5276,1.1591485164964013
2007-02-01,-0.9360592752791892,-4.59511985013459,-0.15849114583340165,0.19689132507793733,0.2155,-3.4509,-2.7055,-1.373194736542311
2007-03-01,1.6550158574325873,4.595119850134589,1.1654792451877376,1.6293817174176097,-0.925,2.6067,1.2607,2.261249167543131
2007-04-01,1.3632383727584723,4.595119850134589,0.7812983731024847,2.1302063535684743,2.6705,1.851,4.0588,2.217465737391005
2007-05-01,1.4915039009755195,4.595119850134589,2.1152265789330325,1.089943961048065,1.1344,2.0578,2.9819,2.322948572772802
2007-06-01,0.10145935225641521,-1.706150040906902,-0.6345622020977952,0.7249953189828341,-1.1208,-0.3805,-2.1473,-0.3785643929413619
2007-07-01,-2.3792163382750067,-4.59511985013459,-2.5223453624462824,-0.6944145504507602,1.9495,-5.31,-4.2226,-2.54777402532666
2007-08-01,2.809470035964523,4.595119850134589,0.5766723133565708,2.438361493953019,-2.4284,3.015,0.5581,2.6049059233521756
2007-09-01,1.6908062568778082,4.595119850134589,2.152231551441105,1.7124316289607218,0.6252,2.6167,2.5063,2.537647321853556
2007-10-01,2.589533348398701,4.595119850134589,1.1744573189435428,2.703757064354175,0.3971,-1.8389,0.1513,2.765716895457752
2007-11-01,-1.7393505519072923,-4.59511985013459,-0.8482648631666613,-2.18182748858936,-3.202,0.7792,-1.8098,-2.341140688449476
2007-12-01,-1.0042365911172502,-4.59511985013459,0.3743421615866271,-0.9383736269896873,-0.2482,-0.5769,-0.2757,-1.540846976663725
2008-01-01,0.4691458906023582,4.595119850134589,-0.5755758356251768,0.2581365533670441,-4.5763,-0.2378,-4.741,1.1867066146197036
2008-02-01,-0.8270981879285417,-0.12081359586028305,-0.2920934777883394,-0.8240653378622762,-3.0586,-1.0083,-4.643,-0.5160176498598601
2008-03-01,0.2719326042881434,-0.6608031233445822,-0.28666319518325767,0.5479056020603047,-2.0576,3.0647,-0.649,-0.031907028044847935
2008-04-01,1.2314374094897644,4.595119850134589,1.2368903351195306,0.05568026047318406,-1.8984,4.1494,1.1247,1.7797819638042671
2008-05-01,-0.49187643247012885,-2.7291538566504427,0.12697251926347536,0.27892993899615753,0.2483,-1.5819,-0.6358,-0.7037819577152348
2008-06-01,-3.036798920975494,-4.59511985013459,-4.585767228603189,-1.5429560813316445,-2.6253,-5.4169,-7.6259,-3.4401605202612293
2008-07-01,0.26897471195525674,-0.09605830488415029,-1.4259416195447343,0.6674304730780065,-3.6761,2.2271,-1.3643,-0.14639868484890534
2008-08-01,0.729375157850006,2.7559201907129216,-0.39919560697882217,1.029978135297718,2.2788,-0.3889,1.7869,1.029019469220456
2008-09-01,-4.274226420103795,-4.59511985013459,-4.59511985013459,-1.6991047037724976,-5.0793,-6.2389,-8.7055,-3.7908927060363684
2008-10-01,-4.3246106587791555,-4.59511985013459,-1.2003234263564309,-3.268528254399933,-18.0947,2.3926,-16.5633,-3.3471455474175267
2008-11-01,4.595119850134589,4.595119850134589,4.595119850134589,4.595119850134589,-10.0331,-0.8184,-7.2503,4.595119850134589
2008-12-01,-0.36864566841508667,4.595119850134589,-4.25173661880217,2.759017184882415,8.6561,2.9794,10.6639,0.6834386869499369
2009-01-01,0.9994473714017397,4.595119850134589,-1.8310023521132786,-2.0947048759950677,-9.5624,-1.0627,-11.3672,0.4172149983569955
2009-02-01,-4.304647401790515,-4.59511985013459,-2.032718731922206,-2.9296015272625127,-1.3045,-11.4653,-10.9457,-3.465521877777456
2009-03-01,3.084840261162972,2.3791622930649203,3.2517651034511528,1.3261639961268712,7.3217,7.3901,13.8481,2.510482913451479
2009-04-01,3.1018140277338286,4.595119850134589,4.366295677064093,1.2516805385542331,5.7156,2.9582,7.6108,3.3287275233716858
2009-05-01,2.999359390086037,4.595119850134589,4.595119850134589,1.476680270399608,2.0588,3.6634,4.7429,3.4165698401887057
2009-06-01,1.3096678196724145,4.595119850134589,3.19486419403124,0.6097534772829886,-1.0269,-1.7802,-2.4977,2.4273513352803078
2009-07-01,3.1948455200991206,4.595119850134589,4.520137847022976,1.3563948396144507,0.0875,7.7358,6.9477,3.416624514217784
2009-08-01,1.563470093970117,4.595119850134589,2.3285059923562454,0.6388178055881724,-0.4213,1.2198,1.7943,2.281478435512281
2009-09-01,-1.562280544833085,-4.59511985013459,-1.6819318262962495,0.3105667265702422,5.7863,-1.1937,5.9156,-1.8821913736734206
2009-10-01,-3.439412180388242,-4.59511985013459,-2.0266137338257897,-1.8560632056458053,5.3676,-3.454,0.6156,-2.979302242498607
2009-11-01,-0.13768245343899657,-2.8569328466427724,1.244920182674384,0.5007587759845741,5.4551,0.1396,5.0581,-0.31223408535570263
2009-12-01,-0.07029825028622867,0.8339986796789018,0.8934292841937631,-1.144957184960101,-0.0779,1.7835,0.5627,0.1280431321565838
2010-01-01,-2.6290027656857697,-4.59511985013459,-2.544032825158248,-1.3389614176971971,0.9442,-4.893,-5.2181,-2.776779214668951
2010-02-01,1.4778255117561707,4.595119850134589,1.0188980645918835,1.4603868612627544,-0.541,2.4983,1.4047,2.1380575719363497
2010-03-01,1.1821734595643225,4.595119850134589,2.19247292762432,1.4830691857059413,3.1775,2.2497,4.8149,2.3632088557572932
2010-04-01,1.195467570476135,4.595119850134589,0.2440576542433512,1.1602605116977427,2.0163,-0.7922,0.7291,1.7987263966379543
2010-05-01,-1.34198336525778,-2.5816729315206066,-0.561355444279101,-0.20929632414192376,-4.8038,-4.7283,-9.3865,-1.173577016299853
2010-06-01,-4.541179093913984,-4.59511985013459,-1.318586374630602,-1.3809645385434486,2.6965,-6.2848,-3.7358,-2.958962464305656
2010-07-01,1.7641525090160548,3.254198913434009,2.3575729123577323,2.010515022815303,5.5729,2.5574,7.2252,2.3466098394057746
2010-08-01,-1.3263965584030208,-3.0979957914654466,-0.6071680310084752,-1.6562787291928478,-3.6425,-1.6306,-6.7975,-1.6719597775174477
2010-09-01,0.986010812884447,0.40699484586482376,1.4311558181565875,1.3404494116496268,4.015,1.6585,5.6383,1.0411527221388712
2010-10-01,1.3383370923208413,0.01204085091525227,0.9354493126619069,1.2711577514783854,2.6413,0.8271,3.2297,0.8892462518440964
2010-11-01,0.16351490972503113,0.00026215331654276297,0.5775298063600879,-0.4311547669570756,1.4463,-0.2108,-0.3234,0.07753802561114655
2010-12-01,2.483173962704832,2.8220905426737195,1.0401371167269287,2.7086999116601365,2.8224,1.9585,4.2759,2.2635253834414044
2011-01-01,0.9530368665352614,1.6591296181110131,1.3135330311596707,0.5305362683194653,1.2666,0.4301,1.1204,1.1140589460313526
2011-02-01,1.1129234566409272,3.3531781199437733,1.569437164012354,0.899364178296268,1.6782,-1.058,1.5012,1.7337257297233304
2011-03-01,-0.24872532533043903,2.617126575473538,-0.034557443348749654,-1.5622421162648625,-1.4869,3.3364,1.4927,0.19290042263237173
2011-04-01,1.594010783077887,4.595119850134589,0.6247054548629525,1.2209105555322228,-1.4131,3.5704,2.3416,2.0086866609019127
2011-05-01,-0.05969232062803616,-0.008630676591020403,0.054069574956689,0.11756304838448402,-1.7506,-0.8556,-1.1769,0.025827406530529114
2011-06-01,0.45085701374897985,1.3461680372865212,0.44777856626565643,0.47167656962832816,-3.1799,4.2154,0.4633,0.6791200467323714
2011-07-01,-0.941946680336983,-4.59511985013459,-1.2038828968692143,0.21903399403837148,-1.843,-2.3951,-3.5374,-1.630478858325604
2011-08-01,1.084458205853703,4.595119850134589,0.8143134579297947,1.1430513857497817,-8.7842,2.4413,-5.2877,1.9092357249169671
2011-09-01,-4.59511985013459,-4.59511985013459,-3.3630945733588313,-2.6165450295187074,-0.5204,-5.7924,-6.061,-3.7924698257866796
2011-10-01,2.0631024060898917,1.3033664327819983,2.34626256248716,2.3250234246687738,10.2905,2.9939,14.0162,2.009438706506956
2011-11-01,-0.9522979104953381,-3.099844574925699,-1.2493643406552313,0.9404779033163638,2.6045,-1.3806,2.3541,-1.0902572306899763
2011-12-01,0.10510434126823893,1.4113778954709844,0.5598174296074754,-0.46952049645629224,-1.8234,3.835,1.0461,0.40169479247260154
2012-01-01,0.4611165360143453,-1.2588077666727093,1.2077134654485835,0.8335266778982087,1.8088,1.4308,2.7681,0.310887228172107
2012-02-01,1.3322598711086953,1.5573189441686626,1.9890258851853786,1.0293801267482368,1.8991,1.5682,3.141,1.4769962068027431
2012-03-01,1.1744602174387737,1.050155526762792,1.821661692746839,0.9579335260906583,1.4212,1.2503,2.502,1.2510527407597656
2012-04-01,0.7475881022665932,1.6514415826578637,0.8903623531986968,0.8483252864893267,-2.7044,1.5707,-1.489,1.03442933115312
2012-05-01,-1.443240168016449,-3.8288013025400582,-2.06938076372188,-0.18899378479327086,-4.6081,-3.4354,-6.7925,-1.8826040047679147
2012-06-01,0.8692421703765691,-0.8903778134734893,0.37043291750121016,1.7225725732724684,4.1561,1.9927,6.582,0.5179674619191896
2012-07-01,0.6556832848296795,1.7272863711040565,-0.33731372252429864,0.7913545829034563,-0.6726,1.4679,1.0113,0.7092526290782234
2012-08-01,0.5895016344287177,-1.5900387362510053,-0.9581625348277641,1.337613157354178,2.3027,-0.2402,2.2729,-0.15527161982396837
2012-09-01,-0.8769408880894289,-4.59511985013459,-1.2744286801521283,0.10063010547724248,4.0232,-1.1597,2.5432,-1.661464828224726
2012-10-01,-0.045060020409633326,-3.979295001985035,-0.6526612114792893,-0.035794150185930115,-0.4626,-1.4839,-2.2382,-1.178202596014972
2012-11-01,1.9492198699481031,4.595119850134589,1.396576654574817,0.7050362831774294,-4.4087,3.4813,-0.7992,2.1614881644587345
2012-12-01,-0.00592334599269267,-2.2342665821437473,-0.83296651158369,0.35765971933493595,1.2964,0.6913,1.187,-0.6788741800962985
2013-01-01,2.289183881279968,4.595119850134589,3.0353685172793785,1.573910269167119,0.7732,1.9345,2.4405,2.8733956294652634
2013-02-01,0.38245361430422486,-0.36271532604590834,0.2840359888240735,0.38485255389316886,0.6083,-0.2533,0.0998,0.17215670774388972
2013-03-01,0.7218204200443519,0.9738071217470956,0.9921355774317959,0.38105292285571074,2.5297,0.6109,3.3586,0.7672040105197385
2013-04-01,0.7300174377547144,2.182335305994342,0.4357581897656424,0.6451264667859404,1.1014,0.8542,2.2661,0.9983093500751598
2013-05-01,-0.9998460058708792,-3.877302654275163,-0.9694235471361571,-0.3716919544823093,3.9623,-0.3753,3.0353,-1.5545660404411272
2013-06-01,-0.2290909792926048,-2.684030986003659,-1.2264638523194449,0.019940800301662415,-0.4345,-1.2957,-2.0812,-1.0299112543285116
2013-07-01,1.5355779477070706,1.4660189219985986,3.280338085836528,1.1968525818860745,3.9639,1.0769,4.3822,1.869696884357068
2013-08-01,-1.1526999262889188,-3.4142931910919687,-2.25763084474945,-1.611825676415375,-1.7363,-2.1605,-4.3296,-2.109112409636428
2013-09-01,-0.013428889517738577,-2.488770435724514,0.025192162486265362,0.3501238017802704,3.6644,-0.548,2.5479,-0.5317208402439292
2013-10-01,2.442383964062686,4.595119850134589,4.106541909366829,0.6980700814775236,0.5959,3.3579,3.6307,2.960528951260407
2013-11-01,1.0207326118842588,2.6298467002874335,1.655423284579929,0.5354139971808172,1.383,0.9109,2.5073,1.4603541484831097
2013-12-01,2.653203401086918,4.595119850134589,2.8790293525446446,1.6827582217495785,-1.1541,3.2627,2.6353,2.9525277063789326
2014-01-01,-1.6010797289602345,-4.59511985013459,-4.397040382546174,-0.2833151714105406,0.3401,-3.794,-2.696,-2.719138783262885
2014-02-01,1.0235317719800299,0.7597180687739389,1.505445862893568,1.0133742507516814,5.1413,1.4687,6.749,1.0755174885998047
2014-03-01,0.08750059212365806,-0.26102293114686226,-1.5556025570426784,0.32850347563562843,0.6296,1.0362,1.4417,-0.3501553551075635
2014-04-01,1.713201560536698,4.595119850134589,1.0118945320838686,1.1090330821671597,-2.5768,2.4411,-0.0833,2.107312256230579
2014-05-01,1.22559573795212,3.978795830682984,1.704163120666391,1.194006435322056,0.1374,1.9581,2.1177,2.025640281155888
2014-06-01,0.926381296464864,2.7593802914046632,1.5372628582386056,0.5519237926423314,0.6762,1.5117,1.8317,1.443737059687616
2014-07-01,-0.5485392274773239,-1.8316218568852631,-1.7306996628503581,-0.14031993987092287,-0.0908,-1.5373,-2.1613,-1.062795171770967
2014-08-01,2.164604998295015,4.595119850134589,3.5268782647131207,1.7713394703962873,1.4201,2.4731,4.0631,3.014485645884753
2014-09-01,-1.8200163460404752,-3.922810386484614,-2.6180004663103924,-1.748386760980605,-0.4368,-1.6518,-1.4978,-2.5273034899540217
2014-10-01,3.504446399977221,4.595119850134589,4.595119850134589,1.549966202010628,-3.5658,7.134,3.6939,3.5611630755642567
2014-11-01,0.6391599677112367,2.15850518938257,0.34664542022374534,0.897159870395469,1.204,1.1258,2.4655,1.0103676119282552
2014-12-01,1.283884255541373,4.595119850134589,1.391261314958269,0.7558241047142568,-2.3476,2.4572,0.2659,2.0065223813371222
2015-01-01,-0.4955105437412875,-2.377227457936085,-1.031828197018392,0.1959888425268543,-2.1578,0.3969,-3.0711,-0.9271443390422276
2015-02-01,1.8205865351780846,3.428014917708475,3.018211676833156,2.2909770436996832,3.4616,0.923,4.1393,2.6394475433548497
2015-03-01,0.2762303280358107,1.3300136495157198,-0.9361024433160474,0.09342258915402417,-2.5682,0.3482,-2.3378,0.1908910308473768
2015-04-01,-0.08626301251113291,-0.30476863510069907,-1.3611248563822542,0.6729305553099995,1.7733,0.3612,1.2536,-0.26980648717102174
2015-05-01,0.8956572573907491,1.32322986376332,0.7888333079434331,0.7408438129772057,0.2768,-0.0827,-0.0427,0.937141060518677
2015-06-01,-0.6746925556400649,-2.261183130293545,-2.5538868831599464,-0.1770187110121124,-0.6607,-1.3843,-2.3024,-1.4166953200264172
2015-07-01,0.8734972119543103,0.45859096218685136,1.9578242654969802,0.8019550863441655,1.7308,-0.5876,1.2718,1.0229668814955768
2015-08-01,-3.930256050998731,-4.59511985013459,-4.535943555642507,-1.649733993406506,-0.2846,-6.5069,-5.9989,-3.6777633625455834
2015-09-01,-4.006277798130104,-4.59511985013459,-3.1305331783735517,-1.867667276163107,3.2231,-2.82,0.3229,-3.3998995257003384
2015-10-01,1.4832281919976973,3.012592177463435,2.644105227290294,2.174173259404266,4.7121,4.0299,8.085,2.328524714038923
2015-11-01,0.7769392084594728,2.386261765061024,0.9142160473084462,-0.03975463585211302,-2.5913,1.8852,-1.1235,1.0094155962442075
2015-12-01,0.6188116569860522,0.34766878800989925,1.0551532395566257,1.0631360748368452,-2.9499,-0.3154,-2.7913,0.7711924398473555
2016-01-01,-0.1024802440074612,1.2665889616660682,-1.385982657975572,-0.7702485302652211,-6.2623,1.7163,-3.5982,-0.24803061764554657
2016-02-01,0.11296740357054866,0.7366724223082874,-0.47838129713750704,1.0001562227575356,-3.3906,4.6779,-0.3687,0.34285368787471615
2016-03-01,1.3978014276485773,3.749671372196552,2.5461944866805295,1.2816510962088155,1.848,2.5182,4.114,2.2438295956836187
2016-04-01,0.0720230582156177,-1.4760170195217786,-1.0786455252996525,-0.08344410486121036,0.3675,-0.4288,-0.3609,-0.6415208978667559
2016-05-01,1.1774791735561498,2.8004279670863412,1.2259769334613897,0.17402805224467144,-1.1348,2.0575,0.7456,1.344478031587138
2016-06-01,-0.18578952248960592,-0.4755869215386129,-1.8086075829964425,0.37717092776636335,-0.9213,0.4949,-0.0224,-0.5232032748145745
2016-07-01,1.1032700816656547,1.1614354687064328,2.022492929483306,1.2507588291727327,2.7946,0.2852,3.3596,1.3844893272570316
2016-08-01,-0.18446024195183328,-1.120035994314642,-1.3367498630494483,-0.006502136915794957,0.5475,-0.3779,0.0051,-0.6619370590579297
2016-09-01,-0.8165221809713988,-0.878754649246188,-2.3058775164434984,-0.47316123942407545,-1.6212,1.0351,-0.1193,-1.1185788965212902
2016-10-01,0.3949804058422777,-0.17616154605201217,-0.23980256717736334,-0.12513399529253783,-1.2511,-0.8719,-1.6218,-0.0365294256699089
2016-11-01,1.2708129187151602,3.021804346026389,2.62057808770658,0.34054559612551455,2.7926,1.1947,4.1241,1.813435237143411
2016-12-01,0.16521901705774225,-1.2244222953316806,1.9336954119820722,-1.0295739335671559,3.1643,-0.2763,2.1793,-0.03877044996475548
2017-01-01,1.0417527879687236,1.791668863888163,1.2385404753576905,0.30823946603571933,0.5262,0.4552,0.9319,1.0950503983125743
2017-02-01,1.2229359806047317,3.0366375651456994,2.8729987512239594,0.10360322386845301,2.4623,1.8041,3.6889,1.809043880210711
2017-03-01,0.25598077767892086,1.4017527357038604,0.013551681008736882,0.02284178319832394,-0.8484,-0.5551,-1.3873,0.4235317443974605
2017-04-01,1.7004458016449564,3.5594040591211256,0.8795513118856122,1.0534317422807356,-0.7711,2.028,1.0751,1.7982082287331072
2017-05-01,0.6587484533438708,0.9918007447925609,0.8053051886253425,0.49228449714193306,0.3878,1.0789,0.9827,0.7370347209759268
2017-06-01,0.5589546567741894,0.5556732121702068,-0.4220225638338918,1.0581776002734127,0.189,-0.3487,-0.2737,0.4376957263459793
2017-07-01,0.5872895499365397,0.6360972880943029,2.0878473958812105,-0.5127187355997668,1.2814,0.5668,1.6999,0.6996288745780715
2017-08-01,0.9039770459096447,1.182773738931569,0.558808840449949,0.5932665272665095,-0.8372,0.4191,-0.1898,0.8097065381394181
2017-09-01,0.27745778476150357,1.3721427558054766,-0.5581450124019005,0.3732182427765978,0.9852,0.8929,1.7286,0.3661684427354194
2017-10-01,1.3566864983018336,2.557399364255317,2.243082784678666,0.5042588133219924,1.0339,0.8436,1.8243,1.6653568651394524
2017-11-01,1.9402369328426812,3.8933287952728777,1.5685705733604831,2.095460661242226,-0.0041,2.3097,2.6448,2.374399240679567
2017-12-01,1.0688029915589423,0.9220354456908764,1.5882036139871385,-0.12000675463374001,1.0131,0.8811,1.188,0.8647588241508043
2018-01-01,2.785255178069984,3.7973183885338906,4.130490039657882,2.307149971886567,3.3516,0.769,4.7481,3.255053394537081
2018-02-01,0.03372987952393952,-1.0713516744750364,-1.2656316459744035,1.0912801998511363,-4.4572,0.3916,-3.8324,-0.302993310268591
2018-03-01,-3.0116372650596634,-4.59511985013459,-1.5758584282016106,2.0237642444418404,3.0534,-5.3953,-1.3743,-1.7897128247385057
2018-04-01,-0.008214531299971618,-3.186769757239664,-0.2580104132004566,0.12515652188100307,3.3875,-0.6456,2.5629,-0.8319595449647723
2018-05-01,0.8209824715383829,0.9947862692014321,0.838493775673338,0.85990221130563,2.5677,0.1736,1.9011,0.8785411819296958
2018-06-01,-0.13587682161979245,-1.553482838160645,0.5528643985316773,0.10911306053837183,1.6476,-2.1953,-0.5942,-0.256845550177597
2018-07-01,1.4194821972813245,1.6941596393054412,1.9560867552749126,1.3734605065748455,2.858,0.3647,3.2853,1.610797274609131
2018-08-01,1.9187244946674271,4.112616681750008,1.363721971713492,1.586580461574558,0.6215,2.3366,3.1336,2.245410902426371
2018-09-01,0.05416713980933755,0.9754047545388208,-1.0629937097876083,0.956458404860693,0.1838,0.5843,0.5958,0.23075914735531078
2018-10-01,-0.24422325040535312,-2.6292099375022575,-0.5493243200146127,-0.8767320156020875,-5.3413,-1.948,-7.2779,-1.0748723808810776
2018-11-01,1.1762366429629374,1.8931147756874578,0.35666200293363337,1.2672162534917157,-0.6233,0.8743,0.7225,1.173307418768936
2018-12-01,-1.1127139689642749,-4.5747196200730125,-1.1349886537039688,-0.7181854361556844,-7.9007,-3.2018,-10.1607,-1.885151919724235
2019-01-01,2.810235499813831,4.595119850134589,1.6985239904066614,3.3263987546633693,3.9129,3.6765,7.7318,3.107569523754613
2019-02-01,1.585182266026979,2.6382180106847466,1.4057756509684984,1.2595641749692357,1.9671,1.2165,2.8804,1.722185025662365
2019-03-01,1.6524249349952504,2.6646776062962165,2.0908621140772836,0.541146715901323,0.3416,1.1659,1.0953,1.7372778428175186
2019-04-01,2.156818302017407,4.486290986241582,2.846316474078822,1.4366817339855709,1.1205,1.1455,2.7428,2.7315268740808456
2019-05-01,-2.3245076175401778,-4.59511985013459,-4.59511985013459,1.7422184199039044,-2.4878,-2.7651,-5.8716,-2.443132224476363
2019-06-01,2.460483840918758,4.595119850134589,4.595119850134589,2.46270551236229,5.4192,1.9988,7.1894,3.528357263387557
2019-07-01,0.3248378405859396,0.28498605685821876,0.4610812206723452,0.7959899989080975,1.3142,-1.1153,0.5414,0.4667237792561503
2019-08-01,0.8097483556435372,1.4540029928205398,-0.6648577538643289,0.40040954995231537,-2.586,1.6194,-0.9175,0.499825786138016
2019-09-01,-1.4385794965491305,-4.369157383098497,-1.9689835084782712,0.45277192415508627,3.4133,-2.1252,2.4248,-1.8309871159927031
2019-10-01,1.4382578811650597,3.1203390300026252,0.666234248990172,0.9856395452894199,1.0793,2.8733,3.3096,1.5526176763618191
2019-11-01,1.1313643665444428,2.857927402827683,1.073756618806084,1.7587433574124773,1.242,0.6576,2.4151,1.7054479363976718
2019-12-01,1.7036055828637435,2.8452495219520566,2.1017341790942448,1.4516258882044177,1.8859,2.0046,3.7545,2.0255537930286156
2020-01-01,-0.23014855249693078,-2.8300540025114618,-2.057799055595703,0.9496519625903703,1.3368,-1.1352,-0.9924,-1.0420874120034311
2020-02-01,-4.59511985013459,-4.59511985013459,-4.59511985013459,-4.59511985013459,3.973,-10.9933,-9.0707,-4.59511985013459
2020-03-01,3.092570741327898,-3.557727265166291,-1.3893482460522175,-2.59804281891211,-16.8453,-0.6815,-16.3625,-1.11313689720068
2020-04-01,0.35105249842443953,-3.3787514668835157,2.5816682474044943,1.5655554718581832,13.8649,2.4285,17.8883,0.27988118770090037
2020-05-01,2.195073719456929,4.595119850134589,4.595119850134589,1.0557809062959649,1.4603,6.2883,7.5458,3.110273581505518
2020-06-01,1.1713158629869032,0.42336695560096405,1.4389748183597233,1.2402707774376447,0.9571,0.4821,1.4582,1.0684821035963088
2020-07-01,2.2501009438155415,3.720841150070361,2.362215757742832,2.6563369830007066,2.8262,2.3626,4.9829,2.74737370865736
2020-08-01,3.07830305172622,4.595119850134589,4.595119850134589,2.999225849656162,2.5821,4.4168,6.2435,3.8169421504128898
2020-09-01,-0.29553691064286236,0.86908517312439,-1.4849351959032817,0.861667993589446,-4.3386,-0.4956,-4.6404,-0.012429734958077004
2020-10-01,-2.5015351968096304,-4.59511985013459,-4.049768991661945,-0.9578897377948937,3.5374,-5.3002,-3.2785,-3.0260784441002646
2020-11-01,2.939548657718213,4.595119850134589,4.595119850134589,1.600026021375265,8.3381,1.7179,9.4069,3.432453594840664
2020-12-01,2.1065908859641276,4.595119850134589,4.595119850134589,1.3801270229159126,0.3418,1.4677,2.5562,3.1692394022873045
2021-01-01,-2.0196175212408516,-4.59511985013459,-2.9950707108256567,-0.5945072047784089,2.8165,-0.7735,0.3672,-2.551078821744877
2021-02-01,-0.2642485892888373,-2.445163939992449,0.10174507241602455,0.1411868893832828,4.005,-1.8306,0.9881,-0.6166201418704949
2021-03-01,2.2206551264745875,4.595119850134589,4.595119850134589,0.5233789481744577,1.0459,1.6405,1.8215,2.9835684437295558
2021-04-01,1.4172801616764263,3.503385958631163,2.882065188595392,1.083654241036194,3.4133,0.7315,4.0126,2.221596387484794
2021-05-01,2.1192912599291542,4.5394361654844415,3.207895523716345,1.1897757533629487,-1.5398,1.8334,0.2731,2.764099675623222
2021-06-01,2.0046837529587154,4.212656411311419,3.3320786431843477,1.8076987185607414,0.9608,1.7203,2.2718,2.8392793815038058
2021-07-01,1.9909956720284292,4.493527641893193,4.314178492572828,1.3274188047421394,0.4143,1.5755,1.7435,3.031530152809147
2021-08-01,1.811966465454799,4.102443405324332,4.299644501515794,1.9109638213292968,1.6559,1.5319,3.089,3.0312545484060553
2021-09-01,-2.396124130631178,-4.59511985013459,-4.3391031970681535,-1.0057093913921613,-1.4201,-2.8862,-4.7866,-3.0840141423065206
2021-10-01,4.324118371369775,4.595119850134589,4.595119850134589,2.5314596426788425,1.4934,4.2835,5.6997,4.011454428579449
2021-11-01,-0.7404264581196783,-2.7287914240389397,-3.0239973440832126,0.2125695419497506,1.2753,-2.0204,-1.0116,-1.5701614210730201
2021-12-01,2.704188241523859,4.595119850134589,4.202341351407995,2.0059557230166494,3.6711,2.2449,5.6091,3.376901291520773
2022-01-01,-1.1985758771344963,-3.5635375516121477,-2.351657452055958,-0.5372888495134814,-3.4387,-2.392,-5.8586,-1.9127649325790206
2022-02-01,-0.6884969664173671,-3.292273881635812,-0.0703342085937654,-0.94038716138516,-2.0333,-2.0486,-3.7963,-1.247873054508026
2022-03-01,2.008066983104057,4.595119850134589,4.595119850134589,-0.7436813732019881,-1.2728,7.3831,5.2052,2.6136563275428117
2022-04-01,-4.59511985013459,-4.59511985013459,-4.59511985013459,-3.759380441401283,-2.8103,-5.2179,-9.1056,-4.386184997951263
2022-05-01,0.47945153519677286,2.710887868654835,0.2595092480218245,0.04705563097430382,-3.8066,3.6252,-0.559,0.874226070711934
2022-06-01,-2.765241294189699,-4.041608009764303,-2.6411354613627926,-1.7223432818631927,-8.1118,1.2388,-7.7013,-2.792582011794997
2022-07-01,4.595119850134589,4.595119850134589,4.595119850134589,4.595119850134589,0.503,6.7254,7.9721,4.595119850134589
2022-08-01,-3.6905841102962444,-4.59511985013459,-4.587956019778328,0.07848950139908277,3.4325,-7.0876,-3.9729,-3.1987926197025196
2022-09-01,-4.59511985013459,-4.59511985013459,-4.59511985013459,-1.6062049209278828,-1.4166,-6.055,-9.6104,-3.847891117832913
2022-10-01,4.595119850134589,4.595119850134589,4.595119850134589,2.6878972632151625,-0.8928,5.5305,5.2618,4.118314203404732
2022-11-01,4.294427198364062,4.595119850134589,4.595119850134589,2.3097818242240735,2.9904,1.8907,5.8092,3.948612180714328
2022-12-01,-1.0187325253054667,-3.132307665516827,-1.666695676861207,-0.2582936606776154,-3.087,-2.7655,-5.8154,-1.5190073820902787
2023-01-01,3.4529855708321553,4.595119850134589,4.595119850134589,1.2371699060430499,3.5576,3.4884,6.6017,3.4700987942860957
2023-02-01,-2.2065586668109973,-4.59511985013459,-2.38299700907813,-1.6011253498389775,0.0284,-3.6185,-3.6187,-2.6964502189656736
2023-03-01,2.189630059735782,4.595119850134589,2.5607759029528894,1.2795085170881617,-1.357,5.0937,3.9966,2.6562585824778555
2023-04-01,0.6137597473776765,1.4017675398711553,1.468932385076505,0.1537639365890025,0.5917,-0.0203,1.0903,0.9095559022285848
2023-05-01,0.6611933695153468,1.8111389427207485,1.6711487983816424,-0.6433434982949328,-0.9637,2.2889,0.287,0.8750344030807012
2023-06-01,2.4741879405732976,3.690189229118699,4.595119850134589,1.5886930942871436,3.842,1.2346,5.4338,3.0870475285284327
2023-07-01,1.1464325247370397,0.9438993163174918,2.216799512877407,0.9397397491877504,1.7102,0.74,2.9933,1.3117177757799223
2023-08-01,0.40741200428075564,2.0876114620177124,0.6699032712173413,0.3017702587660335,-2.7044,1.2536,-1.5092,0.8666742490704606
2023-09-01,-2.8813096436473526,-4.59511985013459,-4.368137372751174,-0.8717437237741074,-1.1449,-4.204,-5.0428,-3.1790776475768063
2023-10-01,-0.6507188364395917,-4.59511985013459,-4.1858968969783605,0.5461134707319552,1.6753,-3.0083,-2.2057,-2.2214055282051466
2023-11-01,3.7426319673468598,4.595119850134589,4.595119850134589,2.7675231456246188,5.4004,2.3278,7.7855,3.925098703310164
2023-12-01,2.336338461455958,4.03886304619895,4.408980794987471,0.9818441437786389,2.4243,0.9389,3.8131,2.9415066116052544
2024-01-01,1.510910063359507,2.374795454036831,2.4060977191284683,0.5485364429705378,0.5737,2.9101,2.1679,1.7100849198738362
2024-02-01,2.854693666856755,4.595119850134589,4.595119850134589,2.043095305666806,1.9566,2.1257,3.8743,3.5220071681981846
2024-03-01,2.905901342413157,4.595119850134589,4.595119850134589,1.9816144708380732,0.281,1.6809,2.2828,3.519438878380102
2024-04-01,-0.49963325706750544,-0.7918548811343825,-2.282125994372412,0.38644949768200787,-2.3743,-1.1848,-3.9681,-0.796791158723073
2024-05-01,1.6666787175939328,1.4033902838882464,3.880380009818307,2.2255935820053674,4.7987,0.242,5.1634,2.2940106483264637
2024-06-01,1.6030868328004357,2.117143176640958,3.055857357928206,1.5804083160327633,3.1405,0.5971,3.3516,2.0891239208505907
2024-07-01,0.22750422993141145,-0.9247019921383608,-1.654943206546646,1.534659832521853,2.5977,-3.1923,0.8623,-0.20437028405793561
2024-08-01,2.3556813353333323,4.528789486923952,3.524650391716531,0.3251456781338011,0.3602,1.9399,3.7035,2.683566723026904
2024-09-01,0.42465247737095313,2.418716200717761,0.6836848280661663,0.5145184984106709,1.675,1.9246,4.2241,1.0103930011413877
2024-10-01,-0.16677903637529798,-1.821813781770849,-0.668684925940633,-0.0341440509456538,1.9931,-1.4148,-0.0578,-0.6728554487581084
2024-11-01,2.4868306258528166,4.595119850134589,4.595119850134589,1.8772164180841782,3.6265,1.6084,5.2992,3.388571686051543
2024-12-01,-0.05824526310726508,-2.2607079329631192,-0.25075338468819974,1.349977213449102,0.2496,-2.678,-2.7372,-0.3049323418273706
2025-01-01,2.5208155472310896,4.595119850134589,4.595119850134589,1.7965816696989896,1.4767,1.3572,2.9305,3.376909229299814
2025-02-01,-0.9043982166741427,-4.59511985013459,-1.8083426686233521,0.05966680641149396,1.9436,-4.0925,-0.6684,-1.8120484822551477
2025-03-01,0.17309678833199565,-0.5102666590261143,2.481588902675234,-1.1616121598527616,-4.0995,0.2549,-4.0663,0.2457017180320884
2025-04-01,3.0371277995127652,4.595119850134589,1.4642092957983404,1.2427245238688547,-5.1682,4.9277,-1.1363,2.5847953673286375
2025-05-01,-4.59511985013459,-4.59511985013459,-4.59511985013459,2.8279882553334166,5.2744,0.5562,5.4879,-2.739342823767588
2025-06-01,3.499943347304684,4.595119850134589,4.595119850134589,2.0209176093294143,1.2824,3.1404,4.5319,3.677775164225819
2025-07-01,1.17446244425891,1.9807346388671565,3.0656766704561687,1.2789688235002363,1.1071,0.8128,2.2811,1.874960644270618
2025-08-01,1.3344756650499332,2.470196691986476,2.9518468210039264,1.4322899850304052,3.494,0.008,3.5628,2.047202290767685
2025-09-01,1.463334128677165,4.038736914182659,4.324821349814197,1.5768081564991174,2.857,1.4431,4.254,2.8509251372932845
2025-10-01,2.972507395107379,4.595119850134589,4.595119850134589,1.7009180481107058,-1.2049,2.8834,1.9222,3.4659162858718155
2025-11-01,1.487772266042122,3.2150888067512513,1.261978763573626,1.7440742365740263,-1.8903,1.5392,-0.042,1.9272285182352564
2025-12-01,0.9229155588566652,1.7073035200588154,0.6888087107430299,1.5966372650378589,0.4953,0.4264,0.4825,1.2289162636740922
2026-01-01,1.9539770075924452,3.832992015403972,4.444145519908332,1.7006469243102864,0.8146,0.5241,1.1746,2.9829403668037586
2026-02-01,1.9011800606297231,2.9185023637638663,3.634817613261491,1.559728376806533,-1.5689,0.3915,-1.3984,2.503557103615403
