,LogReg,ElasticNet,MLP,som_ret,remaining_ret,monthly_return,vix_regime,vix_spike,Ensemble
1997-02-01,0.6683048409954768,-4.59511985013459,0.0,3.0048,-2.1388,0.5199,2,0,-1.3089383363797042
1997-03-01,-1.1413892698008956,-4.59511985013459,0.0,-0.1054,-4.3154,-4.8019,2,0,-1.9121697066451617
1997-04-01,2.343552674749301,4.595119850134589,0.0,-1.0592,6.6696,5.4894,1,0,2.312890841627963
1997-05-01,1.0226294550660935,4.052037082007134,0.0,4.6538,1.2395,6.2302,1,0,1.6915555123577424
1997-06-01,0.9874349039075833,-1.6297511840914716,0.0,4.7928,0.5582,4.582,2,0,-0.21410542672796276
1997-07-01,2.6937470869910918,4.595119850134589,0.0,3.9027,2.7226,7.1019,2,0,2.4296223123752267
1997-08-01,-1.5007433789113718,-4.59511985013459,0.0,-3.148,-0.292,-5.033,2,0,-2.0319544096819873
1997-09-01,0.8000490269018928,4.2447700597983005,0.0,0.1511,2.7062,2.1238,2,0,1.6816063622333977
1997-10-01,-1.0232608923188937,-4.59511985013459,0.0,1.0316,-4.222,-4.2694,2,0,-1.872793580817828
1997-11-01,1.0712371737330393,4.595119850134589,0.0,-1.2684,3.9147,1.7476,3,1,1.8887856746225429
1997-12-01,1.4675202429709144,4.595119850134589,0.0,-1.3193,1.1888,-0.4452,2,0,2.020880031035168
1998-01-01,1.1400357987264436,3.512622677134185,0.0,-1.524,3.4452,0.5374,2,0,1.5508861586202096
1998-02-01,3.618906708236268,4.595119850134589,0.0,2.2517,2.5021,4.8009,1,0,2.7380088527902857
1998-03-01,2.7419421386670764,4.595119850134589,0.0,2.4476,3.031,5.1589,2,0,2.445687329600555
1998-04-01,0.9479899706804434,1.1867217725290053,0.0,0.6299,-0.2484,0.3249,2,0,0.7115705810698163
1998-05-01,-0.3586304098379088,-2.447050227555826,0.0,-0.6856,-1.8107,-2.6922,2,0,-0.9352268791312449
1998-06-01,1.9412803975773467,4.595119850134589,0.0,0.2823,4.3661,3.9286,2,0,2.1788000825706453
1998-07-01,-0.8909176970788474,-4.59511985013459,0.0,2.534,-5.572,-2.4283,1,0,-1.828679182404479
1998-08-01,-4.59511985013459,-4.59511985013459,0.0,-2.7948,-8.236,-13.9477,3,1,-3.0634132334230597
1998-09-01,1.0561356335040843,4.595119850134589,0.0,3.4098,-1.4012,2.2881,3,1,1.8837518278795577
1998-10-01,-0.033570060021451416,1.9030680876905366,0.0,3.4469,7.9744,11.3829,3,0,0.6231660092230283
1998-11-01,0.6838847998836682,4.595119850134589,0.0,1.4676,4.2298,4.6806,2,0,1.7596682166727524
1998-12-01,4.139240064815126,4.595119850134589,0.0,-1.3435,6.3838,4.5904,2,0,2.911453304983238
1999-01-01,1.2306259676234905,4.595119850134589,0.0,0.9441,2.4446,4.1967,2,0,1.9419152725860265
1999-02-01,-1.1524362188426815,-1.7237719820566202,0.0,-3.0068,0.1238,-2.7235,2,0,-0.9587360669664339
1999-03-01,-0.10693688787222337,-2.3409012895169554,0.0,5.0471,0.1494,4.0618,2,0,-0.8159460591297263
1999-04-01,2.0745955972720025,4.595119850134589,0.0,2.1796,1.4556,3.2047,2,0,2.223238482468864
1999-05-01,-0.6224340597352794,-4.475311290074219,0.0,-0.4574,-4.1051,-3.897,2,0,-1.6992484499364995
1999-06-01,1.2912126981273013,4.595119850134589,0.0,0.7839,5.3418,6.0614,2,0,1.96211084942063
1999-07-01,-1.5802808938322115,-4.59511985013459,0.0,1.7811,-5.3759,-3.7829,2,0,-2.0584669146556003
1999-08-01,-0.06319664062772659,0.6955292093662048,0.0,-0.5655,0.2357,-0.5753,2,0,0.21077752291282606
1999-09-01,-1.5549550757803616,-4.59511985013459,0.0,-0.046,-3.4451,-3.6332,2,0,-2.050024975304984
1999-10-01,2.698988154461555,4.595119850134589,0.0,-0.4755,5.8821,6.2457,2,0,2.4313693348653813
1999-11-01,-0.2071551516559466,-0.6657810247216318,0.0,2.8777,0.5618,2.581,2,0,-0.29097872545919284
1999-12-01,3.2130978639174073,4.595119850134589,0.0,1.1296,2.3758,5.1176,2,0,2.602739238017332
2000-01-01,-1.272746810196527,-4.59511985013459,0.0,-0.2471,-4.0209,-4.1753,2,0,-1.9559555534437056
2000-02-01,-1.4882418026156083,-1.9012629214701415,0.0,-0.8911,-1.9952,-3.0413,2,0,-1.1298349080285834
2000-03-01,2.4304186272779287,4.595119850134589,0.0,1.3414,7.091,8.6565,2,0,2.3418461591375057
2000-04-01,-1.078008621349924,-1.675524497167744,0.0,-5.6118,2.5688,-3.5552,2,0,-0.9178443728392227
2000-05-01,-1.4993565754860976,0.264010553159911,0.0,-2.8746,1.1385,-3.2454,2,0,-0.41178200744206217
2000-06-01,0.5640122119609772,1.9904927547258167,0.0,1.175,-0.8626,0.3996,2,0,0.8515016555622646
2000-07-01,-0.6894691403102611,-3.7392577784551073,0.0,1.964,-4.4395,-2.6342,1,0,-1.4762423062551229
2000-08-01,1.4546384135975283,4.595119850134589,0.0,2.7457,2.3311,5.5337,1,0,2.016586087910706
2000-09-01,-1.7505200039490605,-4.59511985013459,0.0,-3.5226,-1.8966,-5.5406,1,0,-2.11521328469455
2000-10-01,1.263447386949393,4.595119850134589,0.0,-5.4033,4.4732,-0.4756,2,1,1.9528557456946605
2000-11-01,-3.192335891251882,-4.59511985013459,0.0,-3.4306,-3.5115,-7.4774,2,0,-2.5958185804621574
2000-12-01,1.13469931171151,4.595119850134589,0.0,1.9896,-1.4959,0.384,2,0,1.9099397206153663
2001-01-01,0.4601120155634795,-2.991292392932768,0.0,3.6331,2.6903,6.4476,2,0,-0.8437267924564296
2001-02-01,-3.3527990970841284,-4.59511985013459,0.0,-3.9925,-5.7113,-9.7221,2,0,-2.649306315739573
2001-03-01,-0.9221611316538543,-0.6270904718542997,0.0,-5.4386,-2.8603,-6.5177,2,1,-0.5164172011693847
2001-04-01,1.3751015063089986,3.8005055976188746,0.0,4.009,5.6458,9.0403,2,0,1.7252023679759578
2001-05-01,-0.2003692413950494,-0.5955004593475419,0.0,-0.758,0.0859,-0.8386,2,0,-0.26528990024753046
2001-06-01,-0.5230607771362688,0.8267865111759535,0.0,-2.5897,0.1967,-2.8786,2,0,0.10124191134656157
2001-07-01,0.0963109042757874,3.1949212449215656,0.0,-2.1861,0.283,-2.0611,2,0,1.0970773830657843
2001-08-01,-2.0019276194561093,-4.59511985013459,0.0,-2.4967,-4.5336,-6.7726,2,0,-2.1990158231968997
2001-09-01,-3.013301757249086,-4.59511985013459,0.0,-12.049,4.1072,-8.1205,3,1,-2.5361405357945586
2001-10-01,-1.8992659681728592,-4.59511985013459,0.0,5.1002,-1.7224,2.0442,3,0,-2.1647952727691497
2001-11-01,1.5228910990842832,4.595119850134589,0.0,4.7785,0.2362,5.1056,2,0,2.0393369830729573
2001-12-01,1.1895057882377538,3.556512590663811,0.0,0.1296,2.2889,1.609,2,0,1.5820061263005216
2002-01-01,-0.3351350416382528,-0.8514034704850018,0.0,-1.3285,-2.1265,-2.1192,2,0,-0.39551283737441817
2002-02-01,-0.1811021178032569,3.5228540516534,0.0,-1.4434,1.7684,-1.3785,2,0,1.113917311283381
2002-03-01,0.5295563240214481,1.554885885574501,0.0,2.5715,-1.4701,1.3792,1,0,0.6948140698653164
2002-04-01,-1.2175278049439957,-4.59511985013459,0.0,-2.7319,-3.3061,-6.0722,1,0,-1.9375492183595284
2002-05-01,-0.16043811255648965,-1.5339993674601515,0.0,-0.2977,-2.7634,-1.7783,2,0,-0.5648124933388804
2002-06-01,-2.981870789233368,-4.59511985013459,0.0,-1.7873,-4.6748,-4.8872,2,1,-2.525663546455986
2002-07-01,-2.1777782114043482,-4.59511985013459,0.0,-5.5661,-2.6138,-5.8876,3,1,-2.257632687179646
2002-08-01,-3.1240549527646193,-4.59511985013459,0.0,3.2408,-1.3147,3.5505,3,0,-2.5730582676330696
2002-09-01,-4.59511985013459,-4.59511985013459,0.0,0.4715,-5.9561,-7.1456,3,0,-3.0634132334230597
2002-10-01,1.2896625867563696,4.595119850134589,0.0,-0.4147,6.1643,4.4639,3,0,1.9615941456303194
2002-11-01,1.8796249725999077,4.595119850134589,0.0,-0.5519,4.0879,3.9236,2,0,2.158248274244832
2002-12-01,-0.535835131680014,-1.1771471725666698,0.0,-3.4935,-0.8509,-5.8543,2,0,-0.5709941014155612
2003-01-01,-1.660588955409484,-4.59511985013459,0.0,1.0422,-7.2179,-5.8667,2,0,-2.085236268514691
2003-02-01,-0.20443223189132892,1.7193420424095747,0.0,-3.1235,0.0431,-2.2282,3,0,0.5049699368394153
2003-03-01,-0.0381919686926594,-0.8743160177630136,0.0,0.5882,2.7444,1.6016,3,0,-0.3041693288185577
2003-04-01,1.8164253041433462,4.595119850134589,0.0,2.4096,4.677,6.8074,2,0,2.137181718092645
2003-05-01,1.0649030487932039,3.7791786596559245,0.0,2.972,2.0577,5.161,2,0,1.614693902816376
2003-06-01,-0.4145087688667742,-4.59511985013459,0.0,3.5574,-1.9675,0.7756,2,0,-1.669876206333788
2003-07-01,0.22601220230692176,1.8797294220727512,0.0,1.3568,-1.0501,0.8134,1,0,0.7019138747932243
2003-08-01,0.5444031906250718,3.5620339513448385,0.0,1.1131,2.3931,2.8424,1,0,1.3688123806566368
2003-09-01,-1.2350335458468436,-2.9506813356000525,0.0,-0.0939,-1.0556,-2.546,1,0,-1.395238293815632
2003-10-01,1.1790095407828025,2.9456935851991215,0.0,2.7228,0.6249,3.1909,1,0,1.3749010419939747
2003-11-01,1.0540104576497373,4.595119850134589,0.0,-0.9448,1.3664,-0.0774,1,0,1.8830434359281087
2003-12-01,3.1520819052861055,4.595119850134589,0.0,-0.0566,4.072,3.9061,1,0,2.5824005851402316
2004-01-01,0.37868203712265547,-0.30043371188338136,0.0,2.1649,0.1461,2.0433,1,0,0.026082775079758036
2004-02-01,0.7377308501365542,1.0678999077136226,0.0,1.5537,-0.3615,0.8527,1,0,0.6018769192833923
2004-03-01,0.8735316723707158,3.424349669845695,0.0,-3.6925,1.6628,-2.5745,1,0,1.432627114072137
2004-04-01,-0.6124723873824842,-2.9449671169312435,0.0,-0.0701,-1.4866,-2.1967,1,0,-1.1858131681045758
2004-05-01,1.4083195959253656,4.595119850134589,0.0,-2.1913,2.6565,0.2855,1,0,2.0011464820199847
2004-06-01,0.6497083966288977,2.686168019613776,0.0,0.9522,0.0852,1.7517,1,0,1.1119588054142244
2004-07-01,-0.3143724175476218,-0.07702407777207784,0.0,-1.933,-0.4519,-2.4111,1,0,-0.13046549843989988
2004-08-01,1.187286414763338,4.595119850134589,0.0,-3.0404,3.1621,-0.2151,1,0,1.9274687549659755
2004-09-01,-0.6772649095027222,-1.0196544167012616,0.0,1.7546,-0.1157,0.784,0,0,-0.5656397754013279
2004-10-01,1.2706981435054339,4.29184791983288,0.0,-1.7057,1.5714,-0.1149,0,0,1.854182021112771
2004-11-01,0.5369699162389793,0.7404902724838599,0.0,4.0203,0.6431,3.831,0,0,0.42582006290761304
2004-12-01,2.401560695039537,4.595119850134589,0.0,0.7074,0.3419,1.7249,0,0,2.3322268483913753
2005-01-01,-0.09768249790020465,-0.6798638977978358,0.0,-1.333,-0.1896,-1.7312,0,0,-0.25918213189934686
2005-02-01,0.6579183605537147,1.9530342660389661,0.0,1.3765,0.2557,1.193,0,0,0.8703175421975603
2005-03-01,-0.1992633402097712,-0.8924278639952054,0.0,-0.8273,-1.8857,-2.4636,0,0,-0.3638970680683255
2005-04-01,-0.23785387133147123,-0.486260702470393,0.0,-0.8935,-0.5669,-1.3701,0,0,-0.2413715246006214
2005-05-01,1.1127427247364545,3.9687545494757632,0.0,0.2273,2.9529,2.5246,0,0,1.693832424737406
2005-06-01,0.22197047752287288,-0.05101452386395348,0.0,0.1544,-0.5335,-0.9058,0,0,0.05698531788630647
2005-07-01,1.1743366416811476,2.9794695505033033,0.0,2.6119,1.1182,3.3271,0,0,1.3846020640614836
2005-08-01,-0.256704775444384,-0.8862171487153818,0.0,-0.4243,-1.0585,-1.2158,0,0,-0.38097397471992195
2005-09-01,-0.16822613528061808,-0.06497002689799085,0.0,0.7706,-0.5353,0.591,0,0,-0.07773205405953632
2005-10-01,0.7735310811619617,3.858168536650877,0.0,-3.6548,2.0196,-1.6051,0,0,1.5438998726042794
2005-11-01,0.8964536714914078,2.5373928639074865,0.0,2.4254,2.2116,3.8844,0,0,1.1446155117996313
2005-12-01,1.348093074272212,2.0707138242471523,0.0,0.2453,-0.515,-1.2952,0,0,1.1396022995064548
2006-01-01,0.9170482200021158,1.640721786850323,0.0,1.1912,-0.3327,0.889,0,0,0.8525900022841463
2006-02-01,0.48683537433853985,1.1425945125382115,0.0,-0.5854,1.0854,-0.1404,0,0,0.5431432956255838
2006-03-01,0.6178130988145409,0.5983923874189866,0.0,0.2351,0.4202,0.2811,0,0,0.4054018287445092
2006-04-01,1.7030963854611127,0.9068638959752038,0.0,-0.1429,1.0592,0.9863,0,0,0.8699867604787722
2006-05-01,-1.0763409939067528,-3.7666616543252562,0.0,-0.2967,-1.9477,-2.6893,0,0,-1.6143342160773362
2006-06-01,1.18329095172003,4.595119850134589,0.0,-3.5728,2.7238,-1.2063,1,0,1.9261369339515397
2006-07-01,0.9823757416240634,4.526877793955745,0.0,-2.9888,2.7342,-0.2757,1,0,1.8364178451932698
2006-08-01,0.964548558434035,2.1780241831228095,0.0,0.522,2.4115,2.5887,0,0,1.047524247185615
2006-09-01,0.8219620793281275,2.8292469396680864,0.0,0.5763,1.2494,1.8947,0,0,1.217069672998738
2006-10-01,0.7270697636055795,0.854682956986279,0.0,2.3272,0.7673,3.5018,0,0,0.5272509068639528
2006-11-01,0.6943223723757492,1.5110448144001618,0.0,1.6935,0.7557,2.3995,0,0,0.7351223955919703
2006-12-01,1.2608304456814212,0.4638531425982661,0.0,1.6651,-0.0333,1.5458,0,0,0.5748945294265625
2007-01-01,0.6350468060924442,1.9685030733953166,0.0,0.9476,0.7219,1.5276,0,0,0.8678499598292536
2007-02-01,-0.6821845588762614,-4.003930118647114,0.0,0.2155,-3.4509,-2.7055,0,0,-1.562038225841125
2007-03-01,1.7047521203521154,4.595119850134589,0.0,-0.925,2.6067,1.2607,1,0,2.099957323495568
2007-04-01,1.3663599589035282,3.274664175900449,0.0,2.6705,1.851,4.0588,0,0,1.5470080449346593
2007-05-01,1.2896747932981705,3.6819086625430892,0.0,1.1344,2.0578,2.9819,0,0,1.65719448528042
2007-06-01,-0.085739504994189,-0.9715157183656431,0.0,-1.1208,-0.3805,-2.1473,0,0,-0.35241840778661065
2007-07-01,-2.0586280821936733,-4.59511985013459,0.0,1.9495,-5.31,-4.2226,1,0,-2.2179159774427544
2007-08-01,2.732181884706504,4.595119850134589,0.0,-2.4284,3.015,0.5581,2,1,2.4424339116136977
2007-09-01,-0.10616023182622134,-0.656407090670617,0.0,0.6252,2.6167,2.5063,2,0,-0.25418910749894613
2007-10-01,1.5146186251923843,2.406292254635585,0.0,0.3971,-1.8389,0.1513,1,0,1.30697029327599
2007-11-01,-0.45217975818184974,-1.716010507435334,0.0,-3.202,0.7792,-1.8098,2,1,-0.7227300885390613
2007-12-01,-0.6824504124086148,-4.59511985013459,0.0,-0.2482,-0.5769,-0.2757,2,0,-1.7591900875144015
2008-01-01,0.16784499543624098,2.5049471569957302,0.0,-4.5763,-0.2378,-4.741,2,0,0.8909307174773238
2008-02-01,0.23169455114599577,-0.5793652453776311,0.0,-3.0586,-1.0083,-4.643,2,0,-0.11589023141054511
2008-03-01,1.0348968623012371,0.3222602309242702,0.0,-2.0576,3.0647,-0.649,2,0,0.45238569774183574
2008-04-01,1.9228898353258714,4.595119850134589,0.0,-1.8984,4.1494,1.1247,2,0,2.172669895153487
2008-05-01,-0.1863163323567541,0.22901537042125886,0.0,0.2483,-1.5819,-0.6358,1,0,0.014233012688168253
2008-06-01,-3.2388635632982794,-4.59511985013459,0.0,-2.6253,-5.4169,-7.6259,2,0,-2.611327804477623
2008-07-01,0.8741012482027707,3.639039395787543,0.0,-3.6761,2.2271,-1.3643,2,0,1.5043802146634377
2008-08-01,-0.1115797208512234,-0.3554209237526949,0.0,2.2788,-0.3889,1.7869,2,0,-0.15566688153463945
2008-09-01,-1.7456873505516646,-4.046834664185414,0.0,-5.0793,-6.2389,-8.7055,3,1,-1.930840671579026
2008-10-01,-2.4305472658134244,-0.7029613025668797,0.0,-18.0947,2.3926,-16.5633,3,1,-1.044502856126768
2008-11-01,-1.282381649313322,1.5915610678372358,0.0,-10.0331,-0.8184,-7.2503,3,0,0.10305980617463795
2008-12-01,-3.4775734197090036,-4.59511985013459,0.0,8.6561,2.9794,10.6639,3,0,-2.690897756614531
2009-01-01,-3.0723468224175035,-1.7366477455877949,0.0,-9.5624,-1.0627,-11.3672,3,0,-1.6029981893350993
2009-02-01,-4.59511985013459,-4.59511985013459,0.0,-1.3045,-11.4653,-10.9457,3,0,-3.0634132334230597
2009-03-01,1.6680856559397759,4.55238741231899,0.0,7.3217,7.3901,13.8481,3,0,2.073491022752922
2009-04-01,1.6195571195943055,4.595119850134589,0.0,5.7156,2.9582,7.6108,3,0,2.0715589899096316
2009-05-01,1.1769085484685584,4.073611004041796,0.0,2.0588,3.6634,4.7429,3,0,1.7501731841701182
2009-06-01,-0.25152618847926617,1.3531804395591447,0.0,-1.0269,-1.7802,-2.4977,2,0,0.36721808369329284
2009-07-01,3.0005962412482443,4.595119850134589,0.0,0.0875,7.7358,6.9477,2,0,2.531905363794278
2009-08-01,1.2374769932253915,4.430658517285276,0.0,-0.4213,1.2198,1.7943,2,0,1.889378503503556
2009-09-01,-1.133125057935984,-0.5659113605622742,0.0,5.7863,-1.1937,5.9156,2,0,-0.5663454728327527
2009-10-01,-2.6161855641461136,-4.59511985013459,0.0,5.3676,-3.454,0.6156,2,0,-2.403768471426901
2009-11-01,1.2263671370255738,2.15077278020252,0.0,5.4551,0.1396,5.0581,2,0,1.1257133057426978
2009-12-01,0.7033599337346403,2.067821245635457,0.0,-0.0779,1.7835,0.5627,2,0,0.9237270597900326
2010-01-01,-2.473979068051395,-4.59511985013459,0.0,0.9442,-4.893,-5.2181,2,0,-2.356366306061995
2010-02-01,1.6650289816484287,4.374701086111622,0.0,-0.541,2.4983,1.4047,2,0,2.0132433559200167
2010-03-01,1.089352999428544,2.1293837145265933,0.0,3.1775,2.2497,4.8149,1,0,1.0729122379850458
2010-04-01,0.660221920519073,0.6418325673060927,0.0,2.0163,-0.7922,0.7291,1,0,0.43401816260838855
2010-05-01,-0.9452954127697009,-2.2132384819965267,0.0,-4.8038,-4.7283,-9.3865,3,1,-1.0528446315887425
2010-06-01,-4.202526812439464,-4.59511985013459,0.0,2.6965,-6.2848,-3.7358,2,0,-2.932548887524684
2010-07-01,2.3512324760068175,4.336566165839439,0.0,5.5729,2.5574,7.2252,2,0,2.2292662139487525
2010-08-01,-1.9666230048083364,-4.59511985013459,0.0,-3.6425,-1.6306,-6.7975,2,0,-2.187247618314309
2010-09-01,1.8030586348743967,2.5800726529189575,0.0,4.015,1.6585,5.6383,2,0,1.4610437625977848
2010-10-01,1.2430228752136523,2.137036327670055,0.0,2.6413,0.8271,3.2297,2,0,1.1266864009612358
2010-11-01,-0.4279208112286559,-0.8216889669127377,0.0,1.4463,-0.2108,-0.3234,2,0,-0.41653659271379784
2010-12-01,3.102866788148044,4.595119850134589,0.0,2.8224,1.9585,4.2759,1,0,2.5659955460942108
2011-01-01,0.7777991119998252,1.6025963189168235,0.0,1.2666,0.4301,1.1204,1,0,0.7934651436388829
2011-02-01,0.8993025398555482,2.741119986921096,0.0,1.6782,-1.058,1.5012,1,0,1.2134741755922147
2011-03-01,-0.1425252834815405,3.140904039082565,0.0,-1.4869,3.3364,1.4927,2,0,0.9994595852003415
2011-04-01,1.5139697047939689,4.595119850134589,0.0,-1.4131,3.5704,2.3416,1,0,2.0363631849761856
2011-05-01,-0.32116861090257565,0.4628735357769019,0.0,-1.7506,-0.8556,-1.1769,1,0,0.047234974958108744
2011-06-01,0.5549017356727158,2.5208486832182753,0.0,-3.1799,4.2154,0.4633,1,0,1.0252501396303304
2011-07-01,-0.546468259685692,-1.3592785951428046,0.0,-1.843,-2.3951,-3.5374,1,0,-0.6352489516094989
2011-08-01,1.5788945429175156,4.595119850134589,0.0,-8.7842,2.4413,-5.2877,3,1,2.0580047976840348
2011-09-01,-4.59511985013459,-4.59511985013459,0.0,-0.5204,-5.7924,-6.061,3,0,-3.0634132334230597
2011-10-01,2.9915206414210163,4.595119850134589,0.0,10.2905,2.9939,14.0162,3,0,2.5288801638518685
2011-11-01,-0.775356311757212,-0.7955410501546653,0.0,2.6045,-1.3806,2.3541,3,0,-0.5236324539706257
2011-12-01,0.9290108194642173,3.320143970919564,0.0,-1.8234,3.835,1.0461,2,0,1.4163849301279272
2012-01-01,1.045323669082953,2.3730115300658445,0.0,1.8088,1.4308,2.7681,2,0,1.1394450663829325
2012-02-01,0.981970585677969,1.564071213408062,0.0,1.8991,1.5682,3.141,1,0,0.8486805996953436
2012-03-01,0.965284967203592,2.167756554003539,0.0,1.4212,1.2503,2.502,1,0,1.0443471737357102
2012-04-01,0.42294697500560086,1.5684394103972203,0.0,-2.7044,1.5707,-1.489,1,0,0.6637954618009404
2012-05-01,-1.7453015096359397,-2.1086726560833506,0.0,-4.6081,-3.4354,-6.7925,2,0,-1.2846580552397635
2012-06-01,1.1987267553409542,2.804027181309683,0.0,4.1561,1.9927,6.582,2,0,1.334251312216879
2012-07-01,0.4136064903443316,1.5973690690667657,0.0,-0.6726,1.4679,1.0113,1,0,0.6703251864703658
2012-08-01,0.11618235577023521,-0.578334438564911,0.0,2.3027,-0.2402,2.2729,1,0,-0.1540506942648919
2012-09-01,-0.6246640610634745,-1.2545907292782306,0.0,4.0232,-1.1597,2.5432,1,0,-0.626418263447235
2012-10-01,-0.8041182159584227,-2.481591557925443,0.0,-0.4626,-1.4839,-2.2382,1,0,-1.0952365912946218
2012-11-01,1.8088352501756089,4.595119850134589,0.0,-4.4087,3.4813,-0.7992,1,0,2.134651700103399
2012-12-01,0.6442981303910039,1.0838011791615303,0.0,1.2964,0.6913,1.187,1,0,0.576033103184178
2013-01-01,2.217625383921535,4.595119850134589,0.0,0.7732,1.9345,2.4405,0,0,2.270915078018708
2013-02-01,0.5429974787232041,0.6070879350529576,0.0,0.6083,-0.2533,0.0998,0,0,0.3833618045920539
2013-03-01,1.1047150046327718,1.731204408402847,0.0,2.5297,0.6109,3.3586,0,0,0.9453064710118729
2013-04-01,1.0887772915252907,2.137082769716849,0.0,1.1014,0.8542,2.2661,0,0,1.0752866870807132
2013-05-01,-0.29058757931329005,-1.834509867634382,0.0,3.9623,-0.3753,3.0353,0,0,-0.708365815649224
2013-06-01,0.09651117290652507,-0.9498625776247374,0.0,-0.4345,-1.2957,-2.0812,1,0,-0.28445046823940406
2013-07-01,1.9805558758047086,2.2010519983723476,0.0,3.9639,1.0769,4.3822,0,0,1.3938692913923518
2013-08-01,-1.0013856114188797,-2.279960392574802,0.0,-1.7363,-2.1605,-4.3296,0,0,-1.0937820013312274
2013-09-01,0.34284484386733094,-0.5740725043299146,0.0,3.6644,-0.548,2.5479,0,0,-0.07707588682086124
2013-10-01,2.0446625545441752,4.537771409211522,0.0,0.5959,3.3579,3.6307,1,0,2.1941446545852323
2013-11-01,1.1607000006493244,2.7719837702164196,0.0,1.383,0.9109,2.5073,0,0,1.3108945902885814
2013-12-01,2.774065805660295,4.595119850134589,0.0,-1.1541,3.2627,2.6353,0,0,2.4563952185982947
2014-01-01,-1.3647828302409055,-3.935812742167766,0.0,0.3401,-3.794,-2.696,0,0,-1.7668651908028907
2014-02-01,1.4290064265671818,2.8492942661185543,0.0,5.1413,1.4687,6.749,1,0,1.4261002308952453
2014-03-01,0.247723861064795,0.5896082483980659,0.0,0.6296,1.0362,1.4417,0,0,0.279110703154287
2014-04-01,1.5347172124414992,4.039403829709825,0.0,-2.5768,2.4411,-0.0833,0,0,1.8580403473837748
2014-05-01,1.084340252107499,3.3071524752345374,0.0,0.1374,1.9581,2.1177,0,0,1.4638309091140123
2014-06-01,0.6613564793493246,1.5545553711301214,0.0,0.6762,1.5117,1.8317,0,0,0.7386372834931487
2014-07-01,-0.5339068619871167,-1.4059685994334066,0.0,-0.0908,-1.5373,-2.1613,0,0,-0.6466251538068412
2014-08-01,2.0082518139174814,3.910179307462876,0.0,1.4201,2.4731,4.0631,0,0,1.9728103737934524
2014-09-01,-1.463338957506249,-2.354670819336975,0.0,-0.4368,-1.6518,-1.4978,0,0,-1.272669925614408
2014-10-01,2.7287108569493923,4.595119850134589,0.0,-3.5658,7.134,3.6939,1,0,2.441276902361327
2014-11-01,0.9965072439774657,2.3075571115940603,0.0,1.204,1.1258,2.4655,0,0,1.1013547851905086
2014-12-01,1.6754813203305736,4.595119850134589,0.0,-2.3476,2.4572,0.2659,1,0,2.0902003901550543
2015-01-01,-0.27784698874075614,-1.1534125846420948,0.0,-2.1578,0.3969,-3.0711,1,0,-0.47708652446095035
2015-02-01,2.2999790476925797,3.9711038075488374,0.0,3.4616,0.923,4.1393,1,0,2.090360951747139
2015-03-01,0.2318011870887921,0.5150986228930465,0.0,-2.5682,0.3482,-2.3378,0,0,0.24896660332727957
2015-04-01,-0.06602582704089033,-0.5551515051405979,0.0,1.7733,0.3612,1.2536,0,0,-0.20705911072716274
2015-05-01,0.8672738960699256,1.097344615844983,0.0,0.2768,-0.0827,-0.0427,0,0,0.6548728373049696
2015-06-01,-0.7687887018685582,-2.045823474282061,0.0,-0.6607,-1.3843,-2.3024,0,0,-0.9382040587168731
2015-07-01,1.0294772375896264,1.1624205353077455,0.0,1.7308,-0.5876,1.2718,0,0,0.7306325909657906
2015-08-01,-3.1074513059758413,-4.59511985013459,0.0,-0.2846,-6.5069,-5.9989,1,1,-2.567523718703477
2015-09-01,-3.6015050266865205,-4.59511985013459,0.0,3.2231,-2.82,0.3229,2,0,-2.7322082922737034
2015-10-01,2.3522229309445963,4.585337852986921,0.0,4.7121,4.0299,8.085,1,0,2.312520261310506
2015-11-01,0.5957365456516102,2.0524552899100157,0.0,-2.5913,1.8852,-1.1235,1,0,0.8827306118538752
2015-12-01,0.8233635455080254,1.5655431052470143,0.0,-2.9499,-0.3154,-2.7913,1,0,0.7963022169183466
2016-01-01,-0.31276741410127656,1.0309053309838108,0.0,-6.2623,1.7163,-3.5982,2,1,0.2393793056275114
2016-02-01,-0.5220751980690621,-0.5551598496387949,0.0,-3.3906,4.6779,-0.3687,2,0,-0.3590783492359524
2016-03-01,2.2455318935954343,4.595119850134589,0.0,1.848,2.5182,4.114,1,0,2.2802172479100076
2016-04-01,-0.0705571387707614,-0.8207694366956908,0.0,0.3675,-0.4288,-0.3609,0,0,-0.2971088584888174
2016-05-01,1.150697711964736,2.9887348649010264,0.0,-1.1348,2.0575,0.7456,0,0,1.3798108589552542
2016-06-01,0.12190471429646219,0.9611191037498578,0.0,-0.9213,0.4949,-0.0224,1,0,0.3610079393487733
2016-07-01,1.276721902673289,2.043314515717247,0.0,2.7946,0.2852,3.3596,0,0,1.1066788061301789
2016-08-01,-0.05404493907260302,-0.5104781336648452,0.0,0.5475,-0.3779,0.0051,0,0,-0.18817435757914938
2016-09-01,-0.5227036371038728,0.2545057266208039,0.0,-1.6212,1.0351,-0.1193,0,0,-0.0893993034943563
2016-10-01,-0.263388553786142,-0.198851739899878,0.0,-1.2511,-0.8719,-1.6218,0,0,-0.15408009789534002
2016-11-01,1.3830273266933433,2.5340082447221377,0.0,2.7926,1.1947,4.1241,1,0,1.3056785238051603
2016-12-01,0.8281122361709643,0.4734737979844105,0.0,3.1643,-0.2763,2.1793,0,0,0.433862011385125
2017-01-01,0.8894222987947181,1.522667607966958,0.0,0.5262,0.4552,0.9319,0,0,0.8040299689205588
2017-02-01,1.4914099194946664,2.487400123255068,0.0,2.4623,1.8041,3.6889,0,0,1.3262700142499115
2017-03-01,0.38857188686424954,0.46921671263243564,0.0,-0.8484,-0.5551,-1.3873,0,0,0.28592953316556174
2017-04-01,1.4016689756940417,3.802618282976269,0.0,-0.7711,2.028,1.0751,0,0,1.7347624195567704
2017-05-01,0.6731914622654422,1.8339480349494313,0.0,0.3878,1.0789,0.9827,0,0,0.8357131657382911
2017-06-01,0.5176098089608208,0.9041089681203399,0.0,0.189,-0.3487,-0.2737,0,0,0.4739062590270535
2017-07-01,0.9206798162925403,1.1462862572914854,0.0,1.2814,0.5668,1.6999,0,0,0.6889886911946753
2017-08-01,0.7402155523713669,1.0745212379534907,0.0,-0.8372,0.4191,-0.1898,0,0,0.6049122634416192
2017-09-01,0.29857277006807587,0.9555824593937038,0.0,0.9852,0.8929,1.7286,0,0,0.41805174315392657
2017-10-01,1.1190356356088635,1.1922291037512434,0.0,1.0339,0.8436,1.8243,0,0,0.7704215797867023
2017-11-01,1.688260750746895,3.554779063132832,0.0,-0.0041,2.3097,2.6448,0,0,1.7476799379599093
2017-12-01,1.3552491747869018,1.933596990149713,0.0,1.0131,0.8811,1.188,0,0,1.0962820549788717
2018-01-01,2.6433523405484443,3.943844512903379,0.0,3.3516,0.769,4.7481,0,0,2.1957322844839413
2018-02-01,0.12280816469126017,0.09317814443584398,0.0,-4.4572,0.3916,-3.8324,2,1,0.07199543637570138
2018-03-01,-3.1857808972385673,-4.59511985013459,0.0,3.0534,-5.3953,-1.3743,1,0,-2.593633582457719
2018-04-01,-0.13678217689595334,-1.93779418295955,0.0,3.3875,-0.6456,2.5629,1,0,-0.6915254532851677
2018-05-01,0.2330459820011491,0.026620360661083347,0.0,2.5677,0.1736,1.9011,0,0,0.08655544755407747
2018-06-01,-0.2805148797263408,-1.2630095650584519,0.0,1.6476,-2.1953,-0.5942,0,0,-0.5145081482615975
2018-07-01,1.1297269757782977,1.8923448199650048,0.0,2.858,0.3647,3.2853,0,0,1.0073572652477676
2018-08-01,1.4513119641655854,2.595659487019175,0.0,0.6215,2.3366,3.1336,0,0,1.3489904837282536
2018-09-01,-0.3140519070319503,-0.0713914503948775,0.0,0.1838,0.5843,0.5958,0,0,-0.12848111914227592
2018-10-01,-1.4163367451420081,-2.964168293489389,0.0,-5.3413,-1.948,-7.2779,1,1,-1.4601683462104658
2018-11-01,0.41609317201508284,0.7759691219568754,0.0,-0.6233,0.8743,0.7225,1,0,0.39735409799065274
2018-12-01,-1.546074082533497,-2.8485908438952325,0.0,-7.9007,-3.2018,-10.1607,2,1,-1.4648883088095765
2019-01-01,1.9773197752801643,4.270926186457323,0.0,3.9129,3.6765,7.7318,1,0,2.0827486539124958
2019-02-01,0.7837157190307842,1.3548524438906258,0.0,1.9671,1.2165,2.8804,1,0,0.7128560543071366
2019-03-01,0.4347464547720155,1.055021625630534,0.0,0.3416,1.1659,1.0953,0,0,0.49658936013418314
2019-04-01,1.423519000815368,2.8418513701845742,0.0,1.1205,1.1455,2.7428,0,0,1.4217901236666475
2019-05-01,-2.303068071888477,-4.59511985013459,0.0,-2.4878,-2.7651,-5.8716,1,0,-2.299395974007689
2019-06-01,1.7269910015809697,3.3357489117641,0.0,5.4192,1.9988,7.1894,1,0,1.6875799711150232
2019-07-01,0.21049931884032896,0.10875229816690479,0.0,1.3142,-1.1153,0.5414,0,0,0.10641720566907792
2019-08-01,0.22595605032580193,1.8498073990338137,0.0,-2.586,1.6194,-0.9175,1,1,0.6919211497865385
2019-09-01,-2.2004625677359715,-4.34848330828658,0.0,3.4133,-2.1252,2.4248,1,0,-2.182981958674184
2019-10-01,1.099811825447866,2.0320171837007757,0.0,1.0793,2.8733,3.3096,1,0,1.0439430030495471
2019-11-01,1.177049964431208,2.6241644083435722,0.0,1.242,0.6576,2.4151,0,0,1.2670714575915933
2019-12-01,1.400737374688198,2.8724087963295735,0.0,1.8859,2.0046,3.7545,0,0,1.4243820570059238
2020-01-01,-0.440633013985659,-2.735794241344104,0.0,1.3368,-1.1352,-0.9924,0,0,-1.058809085109921
2020-02-01,-4.59511985013459,-4.59511985013459,0.0,3.973,-10.9933,-9.0707,1,1,-3.0634132334230597
2020-03-01,1.9024834411210554,4.595119850134589,0.0,-16.8453,-0.6815,-16.3625,3,1,2.1658677637518813
2020-04-01,1.939962037528567,4.595119850134589,0.0,13.8649,2.4285,17.8883,3,0,2.1783606292210522
2020-05-01,1.238848208693365,4.595119850134589,0.0,1.4603,6.2883,7.5458,3,0,1.9446560196093179
2020-06-01,0.045164461873467794,0.7317472089501919,0.0,0.9571,0.4821,1.4582,3,0,0.2589705569412199
2020-07-01,1.7198345121215486,4.119589994565104,0.0,2.8262,2.3626,4.9829,2,0,1.9464748355622177
2020-08-01,2.461304232106602,4.595119850134589,0.0,2.5821,4.4168,6.2435,2,0,2.352141360747064
2020-09-01,-1.0508424592235512,0.214546769097368,0.0,-4.3386,-0.4956,-4.6404,2,0,-0.27876523004206105
2020-10-01,-2.269108069670292,-4.59511985013459,0.0,3.5374,-5.3002,-3.2785,2,0,-2.288075973268294
2020-11-01,3.115675974943671,4.595119850134589,0.0,8.3381,1.7179,9.4069,2,0,2.570265275026087
2020-12-01,1.4469853559728285,3.619622494865693,0.0,0.3418,1.4677,2.5562,2,0,1.6888692836128405
2021-01-01,-1.8035298338105634,-4.468593202186609,0.0,2.8165,-0.7735,0.3672,2,0,-2.090707678665724
2021-02-01,0.18166899727042188,-0.8831704107846704,0.0,4.005,-1.8306,0.9881,2,0,-0.23383380450474953
2021-03-01,2.039373473512711,4.582272826349292,0.0,1.0459,1.6405,1.8215,2,0,2.207215433287334
2021-04-01,1.5078681167331673,3.298309093076864,0.0,3.4133,0.7315,4.0126,1,0,1.6020590699366772
2021-05-01,1.0382355806314423,2.44539738782514,0.0,-1.5398,1.8334,0.2731,1,0,1.1612109894855274
2021-06-01,1.2195110256507216,2.9432339311526174,0.0,0.9608,1.7203,2.2718,1,0,1.3875816522677795
2021-07-01,1.4951722679592798,3.6863541350259776,0.0,0.4143,1.5755,1.7435,1,0,1.7271754676617526
2021-08-01,1.2841242725783368,2.6907916824165783,0.0,1.6559,1.5319,3.089,1,0,1.324971984998305
2021-09-01,-2.493732219359089,-4.216863220233855,0.0,-1.4201,-2.8862,-4.7866,1,0,-2.2368651465309815
2021-10-01,3.3330168715466084,4.595119850134589,0.0,1.4934,4.2835,5.6997,1,0,2.642712240560399
2021-11-01,-0.7580821333088215,-2.005816240567925,0.0,1.2753,-2.0204,-1.0116,1,0,-0.9212994579589155
2021-12-01,2.5422840552339387,4.327710809629946,0.0,3.6711,2.2449,5.6091,2,0,2.2899982882879617
2022-01-01,-1.307266350781337,-2.0685358775053406,0.0,-3.4387,-2.392,-5.8586,2,0,-1.1252674094288926
2022-02-01,-0.37356779859209904,-1.3578000110831934,0.0,-2.0333,-2.0486,-3.7963,2,0,-0.5771226032250975
2022-03-01,2.651043627116423,4.595119850134589,0.0,-1.2728,7.3831,5.2052,2,0,2.415387825750337
2022-04-01,-4.59511985013459,-4.59511985013459,0.0,-2.8103,-5.2179,-9.1056,2,0,-3.0634132334230597
2022-05-01,0.9288352879359425,2.271992293887581,0.0,-3.8066,3.6252,-0.559,2,1,1.066942527274508
2022-06-01,-3.5857776386632443,-4.59511985013459,0.0,-8.1118,1.2388,-7.7013,2,0,-2.726965829599278
2022-07-01,4.115900467145238,4.595119850134589,0.0,0.503,6.7254,7.9721,2,0,2.9036734390932755
2022-08-01,-3.465613623534827,-4.59511985013459,0.0,3.4325,-7.0876,-3.9729,2,0,-2.686911157889806
2022-09-01,-4.59511985013459,-4.59511985013459,0.0,-1.4166,-6.055,-9.6104,2,1,-3.0634132334230597
2022-10-01,3.5130932252641642,4.595119850134589,0.0,-0.8928,5.5305,5.2618,3,0,2.7027376917995842
2022-11-01,2.9699760102419925,4.595119850134589,0.0,2.9904,1.8907,5.8092,2,0,2.521698620125527
2022-12-01,-1.3373765145928722,-2.608891549411774,0.0,-3.087,-2.7655,-5.8154,2,0,-1.3154226880015487
2023-01-01,2.8797551571663575,4.595119850134589,0.0,3.5576,3.4884,6.6017,2,0,2.491625002433649
2023-02-01,-1.8948773787127928,-4.59511985013459,0.0,0.0284,-3.6185,-3.6187,2,0,-2.163332409615794
2023-03-01,1.307931854777026,4.431832413686768,0.0,-1.357,5.0937,3.9966,2,0,1.913254756154598
2023-04-01,0.35072479412679,0.9338311420353762,0.0,0.5917,-0.0203,1.0903,1,0,0.42818531205405536
2023-05-01,0.36297196952311056,1.5673302013552521,0.0,-0.9637,2.2889,0.287,1,0,0.6434340569594542
2023-06-01,2.0988472282386446,3.220046867135113,0.0,3.842,1.2346,5.4338,0,0,1.772964698457919
2023-07-01,0.8555628455619781,2.7871645945034396,0.0,1.7102,0.74,2.9933,0,0,1.214242480021806
2023-08-01,-0.0071022967007601315,1.386918282436124,0.0,-2.7044,1.2536,-1.5092,1,0,0.45993866191178795
2023-09-01,-3.2256643617620506,-4.59511985013459,0.0,-1.1449,-4.204,-5.0428,1,0,-2.6069280706322133
2023-10-01,-1.8652513744153405,-4.5898102896315836,0.0,1.6753,-3.0083,-2.2057,1,0,-2.1516872213489746
2023-11-01,2.9874386857538244,4.25372268409209,0.0,5.4004,2.3278,7.7855,0,0,2.4137204566153048
2023-12-01,1.8326016320576153,3.1562794863735495,0.0,2.4243,0.9389,3.8131,0,0,1.662960372810388
2024-01-01,0.7855924045163875,1.4143280209998583,0.0,0.5737,2.9101,2.1679,0,0,0.7333068085054153
2024-02-01,2.2568677596618025,4.485334601329925,0.0,1.9566,2.1257,3.8743,0,0,2.2474007869972428
2024-03-01,2.006498524091033,4.563386391436911,0.0,0.281,1.6809,2.2828,0,0,2.1899616385093146
2024-04-01,-0.9931055468451669,-1.3845934492670882,0.0,-2.3743,-1.1848,-3.9681,1,0,-0.7925663320374183
2024-05-01,1.0761936352468584,0.6933973208106063,0.0,4.7987,0.242,5.1634,0,0,0.5898636520191549
2024-06-01,1.0915534791187187,1.6307147298425622,0.0,3.1405,0.5971,3.3516,0,0,0.9074227363204269
2024-07-01,-0.35532587918196556,-0.5542695220077045,0.0,2.5977,-3.1923,0.8623,0,0,-0.30319846706322334
2024-08-01,1.7353602290532215,3.211824708628181,0.0,0.3602,1.9399,3.7035,1,0,1.649061645893801
2024-09-01,0.20053485985443145,1.4482699407738107,0.0,1.675,1.9246,4.2241,1,0,0.5496016002094141
2024-10-01,-0.7681843464739528,-2.232963300894225,0.0,1.9931,-1.4148,-0.0578,1,0,-1.0003825491227258
2024-11-01,2.806785941194487,4.595119850134589,0.0,3.6265,1.6084,5.2992,1,0,2.4673019304430253
2024-12-01,-0.44946720162208104,-1.7628849376931237,0.0,0.2496,-2.678,-2.7372,1,0,-0.7374507131050683
2025-01-01,1.846828189809762,2.6498851058254753,0.0,1.4767,1.3572,2.9305,1,0,1.4989044318784124
2025-02-01,-1.667155477829034,-4.046058494328427,0.0,1.9436,-4.0925,-0.6684,1,0,-1.9044046573858202
2025-03-01,-1.0687278389559451,-1.4025363601397625,0.0,-4.0995,0.2549,-4.0663,2,0,-0.8237547330319025
2025-04-01,2.4087510628257953,4.595119850134589,0.0,-5.1682,4.9277,-1.1363,3,1,2.3346236376534613
2025-05-01,1.5666816675740667,1.8058687779921898,0.0,5.2744,0.5562,5.4879,2,0,1.1241834818554188
2025-06-01,2.3879743286465094,4.595119850134589,0.0,1.2824,3.1404,4.5319,1,0,2.327698059593699
2025-07-01,0.3781836047498647,0.9987658161148092,0.0,1.1071,0.8128,2.2811,1,0,0.4589831402882247
2025-08-01,0.7367669363278289,0.7508579722305608,0.0,3.494,0.008,3.5628,1,0,0.49587496951946325
2025-09-01,0.7291538415020044,1.6847844698578496,0.0,2.857,1.4431,4.254,1,0,0.8046461037866179
2025-10-01,1.8324953074983374,4.121495034838622,0.0,-1.2049,2.8834,1.9222,1,0,1.9846634474456533
2025-11-01,0.6525558247394654,2.5898439380967266,0.0,-1.8903,1.5392,-0.042,1,0,1.0807999209453973
2025-12-01,0.258426653694472,0.553946417766146,0.0,0.4953,0.4264,0.4825,1,0,0.270791023820206
2026-01-01,0.9045517544224504,1.7575523687691885,0.0,0.8146,0.5241,1.1746,1,0,0.8873680410638797
2026-02-01,0.7947122844573731,1.6250781907571432,0.0,-1.5689,0.0657,-1.3984,1,0,0.8065968250715055
2026-03-01,-2.279984519477084,-4.59511985013459,0.0,-2.6506,-2.3208,-4.3684,2,1,-2.2917014565372242
