month,LogReg_v92,ElasticNet_v92,MLP_v92,Ensemble_v92
1990-01-01,,,,
1990-02-01,,,,
1990-03-01,,,,
1990-04-01,,,,
1990-05-01,,,,
1990-06-01,,,,
1990-07-01,,,,
1990-08-01,,,,
1990-09-01,,,,
1990-10-01,,,,
1990-11-01,,,,
1990-12-01,,,,
1991-01-01,,,,
1991-02-01,,,,
1991-03-01,,,,
1991-04-01,,,,
1991-05-01,,,,
1991-06-01,,,,
1991-07-01,,,,
1991-08-01,,,,
1991-09-01,,,,
1991-10-01,,,,
1991-11-01,,,,
1991-12-01,,,,
1992-01-01,,,,
1992-02-01,1.6506388254939048,2.9445759121336934,3.9355511415307403,2.8435886263861128
1992-03-01,0.411409348886851,-0.7656503471974706,-1.8313118208115389,-0.7285176063740528
1992-04-01,2.0469751513984265,2.869152054710504,4.018603108176159,2.97824343809503
1992-05-01,0.9236443179870099,0.8480332016530081,2.8217512826989757,1.5311429341129978
1992-06-01,0.7234412877025449,0.6551346917983252,1.6189630076180073,0.9991796623729591
1992-07-01,2.4030025588092676,4.595119850134589,4.595119850134589,3.864414086359482
1992-08-01,-0.07578724358115736,-1.450248937662506,-1.4588642209824347,-0.9949668007420328
1992-09-01,-0.11425037452481858,-0.6422191614763049,-1.5231083709335085,-0.759859302311544
1992-10-01,1.8046457796758497,4.426146040800679,3.4878559421764064,3.239549254217645
1992-11-01,2.6788628425416796,4.595119850134589,4.595119850134589,3.9563675142702857
1992-12-01,1.2382025297176695,1.980826111391465,2.435406898815243,1.8848118466414592
1993-01-01,1.1355519975450874,2.009998249714608,2.7882306933035848,1.9779269801877601
1993-02-01,1.4780889126286034,3.741247731214264,4.0487916906482795,3.089376111497049
1993-03-01,0.5549859994026648,0.4883488415224925,-1.0658302880830708,-0.0074984823859711724
1993-04-01,-0.5736656252750472,-2.1106577308008285,-2.440813491335205,-1.7083789491370267
1993-05-01,1.7158282554657267,4.595119850134589,4.595119850134589,3.6353559852449684
1993-06-01,1.001695264023589,2.731902927378356,2.659269667295539,2.130955952899161
1993-07-01,0.8130909779292274,1.8824529374980095,2.3076748118317134,1.6677395757529834
1993-08-01,2.4810272744723307,4.595119850134589,4.595119850134589,3.890422324913836
1993-09-01,-0.34562404280763015,0.2056498320432232,2.045313253166811,0.6351130141341347
1993-10-01,1.4526137811415971,1.7834655694198152,3.529029012977934,2.255036121179782
1993-11-01,-0.06283911026224769,0.1445554305919999,-1.9515262336701207,-0.6232699711134562
1993-12-01,1.1526615317454822,1.8572324359337067,2.4119066242954963,1.807266863991562
1994-01-01,2.1671223440421943,4.418475626750917,4.595119850134589,3.7269059403092335
1994-02-01,-1.4070407109765728,-2.70968101634626,-4.17500400145472,-2.7639085762591846
1994-03-01,-2.368891211162578,-4.59511985013459,-4.59511985013459,-3.8530436371439194
1994-04-01,1.0354048362691595,2.9396975898587514,3.667249281220638,2.547450569116183
1994-05-01,1.7669630170208357,4.595119850134589,4.595119850134589,3.6524009057633378
1994-06-01,-1.9901866303496198,-4.59511985013459,-4.59511985013459,-3.7268087768729337
1994-07-01,2.1612139102494337,4.227591183418201,4.595119850134589,3.6613083146007415
1994-08-01,2.245198593448927,4.595119850134589,4.595119850134589,3.811812764572702
1994-09-01,-1.5996484409817855,-3.121044437795911,-3.2169712117526634,-2.6458880301767866
1994-10-01,2.233561851913743,3.8727202114715027,4.595119850134589,3.5671339711732784
1994-11-01,-1.4888061100251642,-4.408958202016036,-4.006859256717984,-3.301541189586395
1994-12-01,1.071387278302585,1.5392849355049234,2.296246521294001,1.6356395783671698
1995-01-01,1.9262332521553722,3.001703744469263,4.595119850134589,3.174352282253075
1995-02-01,1.7366372123925247,3.0591431036926466,4.15611672986112,2.983965681982097
1995-03-01,1.7144401968219283,2.968428453636642,4.287856654653171,2.9902417683705806
1995-04-01,2.3919302777928886,4.595119850134589,4.595119850134589,3.8607233260206884
1995-05-01,2.2877540758264203,3.700046018802996,4.595119850134589,3.5276399815880013
1995-06-01,2.039608895723998,3.777776397389599,4.595119850134589,3.470835047749395
1995-07-01,2.262812525295559,4.595119850134589,3.8942722026726497,3.5840681927009324
1995-08-01,1.6071433574521865,3.1911776185477776,2.677900725087586,2.4920739003625165
1995-09-01,1.5268682857145246,3.0009244702527185,4.595119850134589,3.0409708687006103
1995-10-01,1.3293197724150825,1.313380225814288,3.1522854400589457,1.931661812762772
1995-11-01,3.1553514324744603,4.595119850134589,4.595119850134589,4.115197044247879
1995-12-01,2.21418216393727,4.015631025666674,4.2485287957539555,3.4927806617859667
1996-01-01,4.595119850134589,4.595119850134589,4.595119850134589,4.595119850134589
1996-02-01,0.8053432169738698,0.18765776501171075,-1.0473282760777112,-0.01810909803071022
1996-03-01,1.382586044694717,2.0056811938966614,4.0910758639759415,2.49311436752244
1996-04-01,3.154205005842739,4.595119850134589,4.595119850134589,4.114814902037305
1996-05-01,2.845632154003112,4.595119850134589,4.595119850134589,4.01195728475743
1996-06-01,2.191398103328133,4.595119850134589,4.595119850134589,3.7938792678657705
1996-07-01,1.1974733096043877,3.7132385453085903,3.921022699233887,2.943911518048955
1996-08-01,1.0054889656750279,-0.23317873575851808,-0.9847249768314209,-0.07080491563830371
1996-09-01,2.632006183254217,4.595119850134589,4.595119850134589,3.9407486278411317
1996-10-01,2.513243827575153,3.7946276115671096,4.595119850134589,3.6343304297589505
1996-11-01,3.9666440719948244,4.595119850134589,4.595119850134589,4.385627924088001
1996-12-01,1.7431441522571265,4.278444242444122,4.595119850134589,3.5389027482786126
1997-01-01,2.9278653267722534,4.595119850134589,4.595119850134589,4.039368342347143
1997-02-01,0.10095112021545187,-1.7785709189036913,-1.3726089742591698,-1.016742924315803
1997-03-01,-2.3654344806221577,-4.59511985013459,-4.59511985013459,-3.8518913936304457
1997-04-01,4.595119850134589,4.595119850134589,4.595119850134589,4.595119850134589
1997-05-01,2.9538301602872745,4.595119850134589,4.595119850134589,4.048023286852151
1997-06-01,1.906728128819054,2.4041716980029566,3.6265386205438994,2.6458128157886365
1997-07-01,3.349549072871094,4.595119850134589,4.595119850134589,4.179929591046757
1997-08-01,-0.7941289135346682,-2.5776346450357157,-2.977468012225624,-2.116410523598669
1997-09-01,3.217108558567517,4.595119850134589,4.595119850134589,4.135782752945565
1997-10-01,-1.9213990938599874,-4.59511985013459,-4.541682663062422,-3.686067202352333
1997-11-01,4.595119850134589,4.595119850134589,4.595119850134589,4.595119850134589
1997-12-01,3.093579700927814,4.595119850134589,4.595119850134589,4.094606467065664
1998-01-01,2.8654150994918854,4.595119850134589,4.595119850134589,4.018551599920355
1998-02-01,4.595119850134589,4.595119850134589,4.595119850134589,4.595119850134589
1998-03-01,3.256418286925271,4.595119850134589,4.595119850134589,4.148885995731483
1998-04-01,1.3240372928856705,1.3281281594643255,1.8768888382998166,1.5096847635499373
1998-05-01,0.5529748642743806,-0.5854533304416093,-0.2981948072300922,-0.11022442446577363
1998-06-01,3.9476980304397435,4.595119850134589,4.595119850134589,4.379312576902974
1998-07-01,-1.6373293996867497,-4.59511985013459,-3.648526172853933,-3.2936584742250905
1998-08-01,-4.59511985013459,-4.59511985013459,-4.59511985013459,-4.59511985013459
1998-09-01,2.759266828552008,3.8567886402822267,-0.5527636143131696,2.021097284840355
1998-10-01,4.595119850134589,4.595119850134589,4.595119850134589,4.595119850134589
1998-11-01,3.2471013494541863,4.595119850134589,4.595119850134589,4.145780349907788
1998-12-01,4.595119850134589,4.595119850134589,4.595119850134589,4.595119850134589
1999-01-01,3.3466500458235897,4.595119850134589,4.595119850134589,4.178963248697589
1999-02-01,0.2670273799127848,0.08469369001233885,1.753008632399326,0.7015765674414832
1999-03-01,1.1908351606277767,0.40745506889614685,2.2714936632080986,1.2899279642440076
1999-04-01,2.9320736402759984,4.595119850134589,4.595119850134589,4.040771113515059
1999-05-01,0.014743899543436767,-1.1444317957685208,-2.7079060146414027,-1.279197970288829
1999-06-01,4.113172483349675,4.595119850134589,4.595119850134589,4.4344707278729505
1999-07-01,-2.6267521431192593,-4.59511985013459,-4.59511985013459,-3.9389972811294798
1999-08-01,1.4305085814446203,1.6679389255694224,1.9244969199274617,1.6743148089805013
1999-09-01,-1.6139343104654353,-4.59511985013459,-3.117074944085801,-3.108709701561942
1999-10-01,4.595119850134589,4.595119850134589,4.595119850134589,4.595119850134589
1999-11-01,0.8061346478396841,0.0370889894274549,2.6988314852207003,1.1806850408292797
1999-12-01,4.091935883617729,4.595119850134589,4.595119850134589,4.427391861295635
2000-01-01,-1.4477177329089836,-4.59511985013459,-3.9469549407228053,-3.3299308412554596
2000-02-01,0.1562285636889467,-1.1728957019042816,-1.722580307748018,-0.9130824819877844
2000-03-01,4.595119850134589,4.595119850134589,4.595119850134589,4.595119850134589
2000-04-01,1.1895237705680533,3.939333088317447,3.1507539643770577,2.759870274420853
2000-05-01,0.8558400093980016,0.35989262954946527,2.7705461468630572,1.3287595952701747
2000-06-01,1.6467755152586987,1.3743465636516063,1.1119606387186862,1.3776942392096636
2000-07-01,-0.027953488487246853,-2.9991951438611224,-2.46029354122862,-1.8291473911923297
2000-08-01,3.4630870874590016,4.595119850134589,4.595119850134589,4.217775595909393
2000-09-01,-1.8588529929882487,-4.264465539134482,-2.066840467698218,-2.730052999940316
2000-10-01,4.595119850134589,4.595119850134589,4.595119850134589,4.595119850134589
2000-11-01,-2.633305599008639,-4.59511985013459,-4.59511985013459,-3.9411817664259394
2000-12-01,0.5788902983760259,0.35977958808315436,-0.5200369509519345,0.13954431183574859
2001-01-01,2.180337296826619,3.9255107577802204,4.595119850134589,3.566989301580476
2001-02-01,-3.7577557924880876,-4.59511985013459,-4.59511985013459,-4.315998497585756
2001-03-01,1.025327906318064,2.1752837541911396,3.2848034622106783,2.161805040906627
2001-04-01,4.595119850134589,4.595119850134589,4.595119850134589,4.595119850134589
2001-05-01,1.6155380666482633,1.8965671436725318,3.7028677029327515,2.4049909710845156
2001-06-01,0.9183971282102742,1.2008280145766377,3.8119142296433166,1.977046457476743
2001-07-01,1.5514137225537101,2.049786658504144,3.19595246477999,2.2657176152792817
2001-08-01,-1.5079401813506155,-4.59511985013459,-3.2492225385339917,-3.117427523339732
2001-09-01,-0.8842360855027089,-0.5260324403756439,3.572787293778555,0.7208395893000675
2001-10-01,-0.30120408448691616,-4.58560670144551,-2.5137428768909693,-2.4668512209411317
2001-11-01,2.419411561385915,4.595119850134589,4.595119850134589,3.8698837538850306
2001-12-01,0.5544242691077338,0.6089246252879067,3.099645639466863,1.4209981779541678
2002-01-01,0.018604213900866893,-1.942765011995256,-0.21152249238026097,-0.7118944301582166
2002-02-01,0.614775413256471,1.294990799804259,2.934418999697175,1.614728404252635
2002-03-01,0.6428512121928432,-0.25005415635730466,0.17956908279054218,0.19078871287536026
2002-04-01,-2.136306260728944,-4.59511985013459,-4.59511985013459,-3.7755153203327083
2002-05-01,0.08781922907682618,-1.5569311918361086,-1.3763538124786392,-0.9484885917459739
2002-06-01,-3.1011055804137295,-4.59511985013459,-4.59511985013459,-4.097115093560969
2002-07-01,-1.00096573492492,-1.0729413643188455,-1.9972029780477512,-1.3570366924305055
2002-08-01,0.4503559271720039,-0.8024119992550927,-1.5170176320843283,-0.6230245680558056
2002-09-01,-4.59511985013459,-4.59511985013459,-4.59511985013459,-4.59511985013459
2002-10-01,4.595119850134589,4.595119850134589,4.595119850134589,4.595119850134589
2002-11-01,3.449925047903606,4.595119850134589,4.595119850134589,4.2133882493909285
2002-12-01,-1.209908352819518,-3.6944444693835976,-3.617127148820485,-2.8404933236745333
2003-01-01,-2.1729085336636356,-4.59511985013459,-4.59511985013459,-3.787716077977605
2003-02-01,1.1067883561168257,2.577404791902595,3.4141202887042237,2.366104478907882
2003-03-01,0.7448616029221241,0.9985970951591718,2.1235699958692025,1.289009564650166
2003-04-01,3.5702727742062974,4.595119850134589,4.595119850134589,4.253504158158491
2003-05-01,2.155917545221476,3.4156791635329538,4.595119850134589,3.3889055196296725
2003-06-01,-1.8545756607804489,-4.59511985013459,-3.7480191647438863,-3.399238225219642
2003-07-01,-0.05953365382619826,-0.636712824597718,-1.80548784788079,-0.8339114421015688
2003-08-01,0.5417980357136641,1.3742597914263701,0.3799485171028551,0.765335448080963
2003-09-01,-2.2207997230111047,-4.59511985013459,-4.098572323075206,-3.638163965406967
2003-10-01,1.5146537438912022,1.7143825307430745,3.849771718828206,2.3596026644874946
2003-11-01,1.7713657022046558,4.595119850134589,4.5789812440418025,3.648488932127016
2003-12-01,3.626411409029879,4.595119850134589,4.595119850134589,4.272217036433019
2004-01-01,0.16091658908178608,-0.5698387175356443,0.9208049265238921,0.17062759935667796
2004-02-01,0.8136556832524471,1.1665188724933915,0.9518237457435189,0.9773327671631192
2004-03-01,1.2896340412083704,3.712571655890077,4.21234250276575,3.071516066621399
2004-04-01,-1.0083685349537013,-3.5116806395380005,-3.402954370263773,-2.641001181585158
2004-05-01,2.3440596571673766,4.595119850134589,4.595119850134589,3.844766452478851
2004-06-01,1.5907849440381807,3.4854212089566396,4.02068034544772,3.032295499480847
2004-07-01,-0.37741004673981354,-0.5878046413914988,-2.0790745840378877,-1.0147630907230667
2004-08-01,1.7691537247439766,4.595119850134589,4.112637935145584,3.4923038366747163
2004-09-01,-1.059541783093451,-2.251491691543447,-2.5027201236349303,-1.9379178660906096
2004-10-01,1.8156476404144928,4.295168618579974,4.304777635879384,3.471864631624617
2004-11-01,0.5916099040805479,0.707400463021452,2.483962730304261,1.2609910324687537
2004-12-01,1.6215273772646812,3.0864126923367583,3.2344263816466348,2.6474554837493582
2005-01-01,-0.16134701345239771,-0.6461595015527668,-2.3893993599397536,-1.065635291648306
2005-02-01,0.1521232318494038,-0.1901320503652089,1.640851120838303,0.5342807674408326
2005-03-01,-0.8973130049620422,-1.3396104797684572,-3.06149747439658,-1.7661403197090264
2005-04-01,-0.32094473820473324,-0.44277041984139603,-2.2737703082460112,-1.0124951554307133
2005-05-01,1.5519659831963344,3.7169929069201344,3.1618225385028675,2.810260476206446
2005-06-01,-0.15298505278431918,-1.0096056588271838,-2.2112590663690255,-1.124616592660176
2005-07-01,0.8208596341960448,1.9625352130126423,3.1946309098933474,1.992675252367345
2005-08-01,-0.245712134103877,-0.42819100286195216,-2.458849155290201,-1.0442507640853433
2005-09-01,-0.6216604034293377,-0.8548187244374938,-1.7817851492907941,-1.0860880923858753
2005-10-01,1.5445012831954816,4.49830581389152,4.080988301528368,3.374598466205123
2005-11-01,1.157001809310402,2.4116774568895525,3.7781202370181917,2.448933167739382
2005-12-01,-0.05026923035462312,-1.2697899700895707,-1.701189159525746,-1.0070827866566467
2006-01-01,1.0757468968206787,1.6164262028144047,0.7557280279431403,1.149300375859408
2006-02-01,0.21529091799204175,0.3895694302895813,1.1200039982585765,0.5749547821800666
2006-03-01,0.8837060424502079,1.2572495382925932,2.3203075113602383,1.4870876973676799
2006-04-01,0.7509754794546909,2.0986276405999575,2.145647458251544,1.6650835261020642
2006-05-01,-1.0051234754648897,-2.6277774761827914,-3.2822940056751024,-2.305064985774261
2006-06-01,2.4607487401469124,4.595119850134589,4.595119850134589,3.88366281347203
2006-07-01,1.9474481977241476,4.595119850134589,4.595119850134589,3.712562632664442
2006-08-01,1.5578436355709726,3.14852863464225,3.765751608186777,2.8240412928
2006-09-01,0.9665729071691485,3.1150766013625355,3.840405834208657,2.6406851142467804
2006-10-01,1.3487851903248411,1.656803685022804,3.2545866139397464,2.0867251630957973
2006-11-01,0.6451599377153341,0.2502518037425331,1.0035463239968454,0.6329860218182376
2006-12-01,0.6376633846815825,-0.05407198834974791,-1.1668448033620016,-0.194417802343389
2007-01-01,1.2473945203538592,1.894652310888697,1.7462390003371802,1.6294286105265787
2007-02-01,-1.443360013780773,-4.59511985013459,-4.59511985013459,-3.544533238016651
2007-03-01,2.393628527708499,4.595119850134589,4.595119850134589,3.861289409325892
2007-04-01,1.6516933996489802,3.088465874041596,4.595119850134589,3.111759707941722
2007-05-01,1.926217592380579,3.9977183050063365,4.595119850134589,3.506351915840501
2007-06-01,-0.12465540375290357,-1.2353238946415042,-2.198220023499806,-1.1860664406314045
2007-07-01,-2.4681158354110146,-4.59511985013459,-4.59511985013459,-3.886118511893398
2007-08-01,4.595119850134589,4.595119850134589,4.595119850134589,4.595119850134589
2007-09-01,2.244228871714078,4.595119850134589,4.595119850134589,3.811489523994419
2007-10-01,2.023370785521971,3.7513613785653,2.8334877832879535,2.869406649125075
2007-11-01,1.1139264265661781,2.761774797951273,3.4939706398191257,2.4565572881121924
2007-12-01,0.7782613009042941,1.0186013935000306,0.6568917846553026,0.8179181596865425
2008-01-01,0.8478059538076402,3.682769249173838,3.4260741775940384,2.652216460191839
2008-02-01,0.14419803108471013,0.6492188647874436,0.20057802572052313,0.3313316405308923
2008-03-01,1.1439919148816569,2.585792685901059,2.8275075976907855,2.1857640661578337
2008-04-01,3.4277705661125255,4.595119850134589,4.595119850134589,4.206003422127234
2008-05-01,0.3373203225875375,0.14099817478915752,-2.247157760457307,-0.5896130876935373
2008-06-01,-3.768655646913387,-4.59511985013459,-4.59511985013459,-4.319631782394189
2008-07-01,1.0949545408311228,2.8159564626720766,3.43301698997972,2.4479759978276396
2008-08-01,0.3735296418644353,0.3818520222795357,-0.7710150893550238,-0.0052111417370176065
2008-09-01,-2.458238619230503,-4.191165621612023,-4.4864125218581705,-3.711938920900232
2008-10-01,-0.5220505501801749,1.4210855935851094,1.6782898847766434,0.8591083093938593
2008-11-01,-0.7047037317325154,0.364918660501025,-3.8050849290506057,-1.3816233334273653
2008-12-01,0.5532154214367281,-0.5681658512354546,3.2343348240617704,1.0731281314210146
2009-01-01,-0.38854128576200087,-0.30225927087641064,-4.149724504822603,-1.613508353820338
2009-02-01,-4.59511985013459,-4.59511985013459,-4.59511985013459,-4.59511985013459
2009-03-01,3.817259178712871,4.595119850134589,4.02968382492831,4.147354284591923
2009-04-01,3.0764856487484664,4.426822125749025,4.595119850134589,4.032809208210693
2009-05-01,2.9016985756618285,4.124840314250011,4.421401491763253,3.8159801272250307
2009-06-01,0.4367392073888209,-0.9407155276756399,-2.762463007152313,-1.0888131091463773
2009-07-01,4.595119850134589,4.595119850134589,4.595119850134589,4.595119850134589
2009-08-01,2.676378326238684,4.595119850134589,4.595119850134589,3.955539342169287
2009-09-01,-0.5198919858001452,-2.499267025045853,-1.3979143449218463,-1.472357785255948
2009-10-01,-4.247401540393247,-4.59511985013459,-4.59511985013459,-4.479213746887475
2009-11-01,1.0178168538891843,0.5748972153707862,3.02575550933806,1.539489859532677
2009-12-01,1.0874326938969374,2.3198618867169523,3.888269298079601,2.4318546262311638
2010-01-01,-3.3469819011950235,-4.59511985013459,-4.59511985013459,-4.1790738671547345
2010-02-01,2.2355531776585504,4.595119850134589,4.595119850134589,3.8085976259759096
2010-03-01,2.1776121480548927,4.2592040624923495,4.595119850134589,3.677312020227277
2010-04-01,0.04489704829751374,0.006237380704385914,-1.4179062717949105,-0.45559061426433695
2010-05-01,-2.393575267081773,-4.468440789270125,-4.0913253099059945,-3.6511137887526304
2010-06-01,-4.59511985013459,-4.59511985013459,-4.59511985013459,-4.59511985013459
2010-07-01,3.7023291914743464,4.595119850134589,4.595119850134589,4.297522963914508
2010-08-01,-0.5619054623678669,-3.510212343756706,-2.292339046914193,-2.1214856176795887
2010-09-01,2.662382645752995,4.595119850134589,4.595119850134589,3.9508741153407243
2010-10-01,1.6682085909174311,1.7216647612309617,4.595119850134589,2.6616644007609938
2010-11-01,-0.07359415243601432,-1.3942089170925085,-2.0946881436769758,-1.1874970710684996
2010-12-01,2.0791993165739964,3.5199781082189783,4.595119850134589,3.3980990916425213
2011-01-01,1.0324713189520296,0.8660121587734249,2.6443659948999234,1.5142831575417925
2011-02-01,0.8145294147823268,0.29076099449078546,0.048346636052714206,0.3845456817752755
2011-03-01,0.8637852631955547,3.81864009429907,2.417970768297965,2.3667987085975297
2011-04-01,2.193806516948954,4.595119850134589,4.234692974010238,3.6745397803645936
2011-05-01,0.4294952472556876,0.8015193028705573,-0.6954650582312877,0.17851649729831906
2011-06-01,1.3612799928339046,4.595119850134589,3.717064303673157,3.2244880488805503
2011-07-01,-1.1466926366724348,-3.1462640192595996,-3.1187985073218303,-2.470585054417955
2011-08-01,1.1586851044228754,4.336704029745395,2.64907282632588,2.7148206534980504
2011-09-01,-4.59511985013459,-4.59511985013459,-4.59511985013459,-4.59511985013459
2011-10-01,2.1270845753897896,4.595119850134589,4.595119850134589,3.7724414252196556
2011-11-01,-0.5699704489325337,-2.290752942557991,-3.3997375294268344,-2.0868203069724527
2011-12-01,1.9908592595702712,4.595119850134589,4.595119850134589,3.7270329866131497
2012-01-01,2.000998604920219,1.8176821147585525,4.595119850134589,2.804600189937787
2012-02-01,1.7795296189728609,2.31151997033716,3.801571354319649,2.6308736478765566
2012-03-01,1.250416978320152,1.33087147157098,1.3898398399377065,1.3237094299429462
2012-04-01,0.852481373434618,1.7421804420711358,2.908509511564451,1.834390442356735
2012-05-01,-1.5724107773297291,-3.255294206571028,-3.7037666191847585,-2.8438238676951717
2012-06-01,1.5580787472575703,2.2477213739184574,2.811515597595691,2.20577190625724
2012-07-01,0.8002288015536597,1.6841503243592464,2.1995902051919716,1.5613231103682927
2012-08-01,0.3151087015387245,-0.9032555117039366,-2.256381956206218,-0.9481762554571432
2012-09-01,-0.9288524671777005,-3.379576033426674,-2.4654187768419553,-2.2579490924821104
2012-10-01,-0.654660797262116,-4.010017838928007,-3.5340714407423173,-2.732916692310813
2012-11-01,2.965475450179713,4.595119850134589,4.595119850134589,4.051905050149631
2012-12-01,0.7410675693680451,0.3214328941220329,2.010148819193674,1.0242164275612506
2013-01-01,2.8828914009548816,4.595119850134589,4.595119850134589,4.024377033741353
2013-02-01,0.22600620930380422,0.0784626712895099,-1.7259629716559741,-0.47383136368755335
2013-03-01,1.2969014001868562,2.5896710721538403,3.5032869189040965,2.4632864637482643
2013-04-01,1.0253669602994167,2.4494876534698102,2.6831581582027733,2.0526709239906666
2013-05-01,-0.8005779978725581,-2.708433629335885,-2.9645526253752843,-2.1578547508612425
2013-06-01,-0.882632583317532,-2.082955679408358,-3.028007027074665,-1.997865096600185
2013-07-01,1.7161485700475396,2.911044994560501,4.595119850134589,3.0741044715808763
2013-08-01,-0.7315644592740639,-2.095367583890821,-2.8249840379774684,-1.8839720270474511
2013-09-01,-0.35465520896678543,-1.2018680634053074,-2.318226401097731,-1.2915832244899412
2013-10-01,2.9636891032186923,4.595119850134589,4.595119850134589,4.0513096011626235
2013-11-01,1.4973913495874385,3.5031641325612455,3.783822174843621,2.9281258856641017
2013-12-01,3.1291775303018667,4.595119850134589,4.595119850134589,4.1064724101903485
2014-01-01,-1.5150600284336075,-4.59511985013459,-3.86713339499989,-3.3257710911893628
2014-02-01,2.0683987285218493,3.8998491048402943,4.595119850134589,3.5211225611655776
2014-03-01,0.5943913810155135,0.7709781332222825,1.9240861756724765,1.0964852299700907
2014-04-01,1.7464864642297748,4.595119850134589,4.595119850134589,3.6455753881663178
2014-05-01,1.9892712556523957,4.595119850134589,4.595119850134589,3.7265036519738577
2014-06-01,1.4286143452768765,2.9909081848564636,3.3375864315196417,2.5857029872176605
2014-07-01,-0.8005015681346399,-2.180325372763604,-2.6701209648280764,-1.8836493019087734
2014-08-01,2.5247953562107655,4.595119850134589,4.595119850134589,3.905011685493314
2014-09-01,-1.0258068786511194,-2.1502087807606616,-2.1290652962139767,-1.7683603185419192
2014-10-01,4.595119850134589,4.595119850134589,4.595119850134589,4.595119850134589
2014-11-01,1.3512249636168296,2.681189294812611,4.133630003769057,2.7220147540661657
2014-12-01,2.0167262988547163,4.595119850134589,4.595119850134589,3.7356553330412985
2015-01-01,0.3635450367600366,-0.48775073735643065,3.331616907403803,1.069137068935803
2015-02-01,2.4168043426130548,4.455560192061896,4.595119850134589,3.8224947949365133
2015-03-01,0.43450789827826514,1.3067558690363392,1.8581399691865153,1.199801245500373
2015-04-01,0.25324854250277706,0.10449416056311785,-0.18133468217796817,0.05880267362930891
2015-05-01,0.56949053664909,1.0452978947358675,-0.6557968105038862,0.31966387362702375
2015-06-01,-0.6599990786929567,-1.7942608985239445,-2.9485184611643884,-1.8009261461270967
2015-07-01,0.5321026816527713,0.6497603299082919,-0.41771980108099155,0.2547144034933572
2015-08-01,-4.045410331534358,-4.59511985013459,-4.59511985013459,-4.411883343934512
2015-09-01,-2.877650304303212,-4.59511985013459,-4.59511985013459,-4.0226300015241305
2015-10-01,2.445993382312736,4.433332339025156,4.595119850134589,3.824815190490827
2015-11-01,0.8886170325364289,2.5882151741504074,3.188242995712186,2.221691734133007
2015-12-01,0.023224026638811335,-0.8728107310768417,-0.9846930667960403,-0.6114265904113569
2016-01-01,0.784088010208438,3.5689938570802506,4.504658352790494,2.952580073359728
2016-02-01,1.6646951289984908,3.491534476217387,4.595119850134589,3.250449818450156
2016-03-01,2.646843831018384,4.595119850134589,4.595119850134589,3.945694510429187
2016-04-01,0.16972325062427152,-0.9709840996560998,-1.0968062090878088,-0.6326890193732123
2016-05-01,1.8499398357373031,4.595119850134589,4.33672561356942,3.593928433147104
2016-06-01,0.24853833245394752,0.7392985483806717,1.944998747946688,0.9776118762604357
2016-07-01,1.2970738775722785,2.001838950645544,3.3310748896280318,2.209995905948618
2016-08-01,-0.213448950897094,-0.7582163006393602,-2.117926366031394,-1.029863872522616
2016-09-01,8.274066046004634e-05,1.1300085988114654,2.5424640829665552,1.2241851408128268
2016-10-01,0.0022599285480283888,-0.29173973826822946,-2.7993986947882403,-1.0296261681694805
2016-11-01,1.682947999459998,4.330488774591736,3.3347617090375308,3.116066161029755
2016-12-01,-0.20932295770294726,-0.5224860966168731,-1.6706694764031786,-0.8008261769076664
2017-01-01,1.0885536647875904,2.52935816386588,3.308430927111083,2.3087809185881842
2017-02-01,1.6291007925538226,3.6232000724030526,4.595119850134589,3.2824735716971545
2017-03-01,0.39631299005435416,0.8916153968202232,-1.0061620917749625,0.09392209836653824
2017-04-01,1.276666381155207,4.063910854510996,3.5662356919562255,2.96893764254081
2017-05-01,1.0189101083234464,2.244991129209692,3.0399337210354553,2.1012783195228644
2017-06-01,0.11847435823008977,0.3200371297943915,-1.6705884120300305,-0.4106923080018497
2017-07-01,0.8513776354455824,2.151131423960924,2.048610642331349,1.6837065672459517
2017-08-01,1.1031122828485416,2.7621970074654945,3.737973560860336,2.534427617058124
2017-09-01,0.8537668711675104,2.9932276381343477,4.053514090341772,2.6335028665478766
2017-10-01,1.2345802093251075,2.6233317938655722,3.7026468810417206,2.5201862947441334
2017-11-01,2.1863016211647697,4.595119850134589,4.595119850134589,3.7921804404779826
2017-12-01,0.7749707722708443,1.8905851839675303,2.4307758761046014,1.6987772774476586
2018-01-01,2.020814123857554,4.595119850134589,4.595119850134589,3.7370179413755777
2018-02-01,-0.932497976093957,-2.6599928554737566,-1.115335199974315,-1.5692753438473428
2018-03-01,-2.3441724000491924,-4.59511985013459,-4.59511985013459,-3.8448040334394573
2018-04-01,-1.2716665524053397,-3.1108665708290486,-4.175687746369639,-2.8527402898680094
2018-05-01,1.568895098078016,1.9503548150798793,4.440754344650258,2.6533347526027176
2018-06-01,-0.14129489222586553,-1.5011175873745326,-2.546346935489101,-1.3962531383631662
2018-07-01,1.6975236145697143,2.4388080895871838,3.957720343141897,2.6980173490995987
2018-08-01,2.092861706687843,4.545286492410208,4.595119850134589,3.7444226830775467
2018-09-01,0.24863881623342474,1.213466105804501,1.7293688930858837,1.0638246050412699
2018-10-01,-0.5349216743005065,-1.9150340690841805,-3.8255340889061413,-2.091829944096943
2018-11-01,2.5796111632642296,4.495281706933905,4.595119850134589,3.890004240110908
2018-12-01,0.03870198960957376,0.21472284398668048,1.0757907951124546,0.44307187623623623
2019-01-01,3.8238283801041506,4.595119850134589,4.595119850134589,4.338022693457776
2019-02-01,1.8468490440168654,2.319627781043276,4.595119850134589,2.9205322250649104
2019-03-01,1.875934632892006,2.7347894003226094,4.595119850134589,3.068614627783068
2019-04-01,2.1239115311970433,3.66841123381439,4.595119850134589,3.4624808717153406
2019-05-01,-2.4320774559555924,-4.59511985013459,-4.003303503095634,-3.676833603061939
2019-06-01,2.147227707253146,3.890057233060169,4.595119850134589,3.5441349301493013
2019-07-01,-0.10251008615309358,-0.8164058831560173,-2.635787699068969,-1.1849012227926934
2019-08-01,1.096582751034796,2.198538640881307,2.731811597371601,2.0089776630959015
2019-09-01,-1.241248096157566,-3.8661452216196652,-4.249579861027258,-3.1189910596014965
2019-10-01,1.539432613141761,2.7836014569944654,2.977221364494886,2.433418478210371
2019-11-01,1.3530123955258764,2.6042196098375765,3.3896427186110545,2.448958241324836
2019-12-01,1.628531928780007,3.150533610089024,4.463349728422673,3.0808050890972347
2020-01-01,-0.4116332823871327,-3.1588626386199286,-2.708729482632644,-2.0930751345465683
2020-02-01,-4.59511985013459,-4.59511985013459,-4.59511985013459,-4.59511985013459
2020-03-01,-0.756743812007171,-4.59511985013459,-3.6744937683914887,-3.00878581017775
2020-04-01,3.2653657923046415,4.4268439568869296,4.595119850134589,4.09577653310872
2020-05-01,2.6027721117393225,4.595119850134589,4.595119850134589,3.931003937336167
2020-06-01,1.9948722054447272,2.448933919998295,4.595119850134589,3.0129753251925373
2020-07-01,2.568231744864009,3.580801799666847,4.595119850134589,3.581384464888482
2020-08-01,3.365689393855886,4.595119850134589,4.595119850134589,4.185309698041688
2020-09-01,0.029189288584540073,0.48401530769587986,-0.4601351158521521,0.017689826809422604
2020-10-01,-1.8974133856772262,-4.59511985013459,-4.59511985013459,-3.6958843619821358
2020-11-01,3.6853864528167413,4.595119850134589,4.595119850134589,4.2918753843619735
2020-12-01,2.9130392700129186,4.595119850134589,4.595119850134589,4.034426323427366
2021-01-01,-1.6007558136641902,-4.59511985013459,-3.8707997281234294,-3.35555846397407
2021-02-01,0.21955577110181465,-2.157622310216044,0.0016713146285410295,-0.6454650748285627
2021-03-01,3.0015029205649593,4.595119850134589,4.595119850134589,4.0639142069447125
2021-04-01,2.3131159841893507,4.215405577023796,4.595119850134589,3.707880470449245
2021-05-01,2.51561202155294,4.595119850134589,4.595119850134589,3.901950573940706
2021-06-01,2.2240180414629376,4.595119850134589,4.595119850134589,3.8047525805773716
2021-07-01,2.2031353157936775,4.595119850134589,4.595119850134589,3.7977916720209515
2021-08-01,1.7746277209657901,4.2253769725901345,4.595119850134589,3.531708181230171
2021-09-01,-2.4642574159262702,-4.59511985013459,-4.1911234931447225,-3.7501669197351943
2021-10-01,4.234147894560344,4.595119850134589,4.595119850134589,4.474795864943174
2021-11-01,-1.0481986539770474,-3.287831417144708,-2.9709904568654193,-2.435673509329058
2021-12-01,2.897741563419954,4.595119850134589,4.595119850134589,4.029327087896378
2022-01-01,-0.7205046833653657,-2.2451819022688335,-2.305357221616029,-1.7570146024167428
2022-02-01,0.24860706368241312,-1.105254301450039,-1.1143680944569325,-0.6570051107415195
2022-03-01,3.612074485331466,4.595119850134589,4.595119850134589,4.267438061866881
2022-04-01,-4.59511985013459,-4.59511985013459,-4.59511985013459,-4.59511985013459
2022-05-01,2.4119431363089343,4.595119850134589,2.511509618219986,3.1728575348878363
2022-06-01,-0.6115596726831685,-0.6111125083401097,-2.505384233685894,-1.2426854715697242
2022-07-01,4.595119850134589,4.595119850134589,4.595119850134589,4.595119850134589
2022-08-01,-3.144325013975724,-4.59511985013459,-4.59511985013459,-4.1115215714149675
2022-09-01,-4.410324576660809,-4.59511985013459,-4.59511985013459,-4.53352142564333
2022-10-01,4.595119850134589,4.595119850134589,4.595119850134589,4.595119850134589
2022-11-01,4.595119850134589,4.595119850134589,4.595119850134589,4.595119850134589
2022-12-01,-0.4326599553776003,-3.1520986187438664,-2.8916664500733438,-2.15880834139827
2023-01-01,4.41073540910843,4.595119850134589,4.595119850134589,4.533658369792536
2023-02-01,-1.793231177911936,-4.59511985013459,-4.001575442984498,-3.4633088236770084
2023-03-01,2.8576621432769205,4.595119850134589,4.595119850134589,4.015967281182033
2023-04-01,1.0019947251765051,0.2515008133656849,1.2864023449968756,0.8466326278463553
2023-05-01,1.1661351164319755,2.482217247267546,2.4860094030421624,2.044787255580561
2023-06-01,2.8193649039673248,4.082883175671439,4.595119850134589,3.8324559765911173
2023-07-01,1.278146342673449,2.011778352779957,3.159047498214471,2.1496573978892926
2023-08-01,0.4932993580929504,1.4949219788673063,-0.06545041936769161,0.6409236391975216
2023-09-01,-2.8925492802549373,-4.59511985013459,-4.59511985013459,-4.027596326841373
2023-10-01,-0.9863225818888803,-4.59511985013459,-4.461168752805496,-3.3475370616096556
2023-11-01,4.056742951507077,4.595119850134589,4.595119850134589,4.415660883925418
2023-12-01,2.5399908177388464,3.8861646251334774,4.595119850134589,3.673758431002304
2024-01-01,1.612348046532383,2.1112600143669242,1.8807608134529155,1.8681229581174075
2024-02-01,2.8719605387067126,4.595119850134589,4.595119850134589,4.020733412991963
2024-03-01,2.976509805594669,4.595119850134589,4.595119850134589,4.055583168621282
2024-04-01,-0.5954407431655723,-1.2162305037757593,-3.0345313214147613,-1.6154008561186977
2024-05-01,1.903302511697569,2.062583888751676,4.332371064705488,2.7660858217182445
2024-06-01,1.6728060557266744,2.708526914561077,3.7575657639040436,2.712966244730598
2024-07-01,0.10306909157724523,-1.077698179439884,-3.928523283191592,-1.6343841236847438
2024-08-01,2.8401051770268193,4.595119850134589,4.595119850134589,4.010114959098666
2024-09-01,1.0000558909777353,3.4033718493750285,0.9647266054298215,1.7893847819275284
2024-10-01,-3.9432414308393295,-2.9948450796068213,-4.59511985013459,-3.8444021201935805
2024-11-01,2.1206631744434206,4.595119850134589,4.595119850134589,3.7703009582375326
2024-12-01,-1.348311562231128,-2.7734429015180915,-2.135660960341776,-2.085805141363665
2025-01-01,3.0159057978255066,4.595119850134589,4.595119850134589,4.068715166031562
2025-02-01,-0.6144793338431518,-4.535877823987392,-3.513785376537975,-2.888047511456173
2025-03-01,0.06546382003137094,-1.0919311262526221,-0.35094569242119805,-0.45913766621414975
2025-04-01,3.2193825928602884,4.595119850134589,-0.167760638111069,2.5489139349612695
2025-05-01,2.2391373791979077,2.7333150782134905,1.3993539269814013,2.1239354614642667
2025-06-01,3.6677210606818313,4.595119850134589,4.595119850134589,4.285986920317003
2025-07-01,1.501464539336111,2.4425880558932542,3.462666230570918,2.468906275266761
2025-08-01,1.5300516718194954,1.6356333278782968,3.1408057420976694,2.102163580598487
2025-09-01,1.7181753223070717,4.25933602781193,4.595119850134589,3.5242104000845305
2025-10-01,3.181735746549903,4.595119850134589,4.595119850134589,4.12399181560636
2025-11-01,1.51076389467883,4.4355423240911955,0.8646475506102831,2.2703179231267696
2025-12-01,0.893428327812202,1.3014920471557,1.2669469846904786,1.1539557865527936
2026-01-01,1.7988766948499155,4.47872408156611,4.595119850134589,3.6242402088502046
2026-02-01,1.7026301977512148,3.547204393265393,3.255411500161165,2.835082030392591
2026-03-01,-0.2976868668891832,-3.9026083407246386,-1.7850416758642045,-1.9951122944926754
